nutzungsart;vermarktungsart;objektart;neubau;plz;ort;strasse;wohnflaeche;grundstuecksflaeche;anzahl_zimmer;anzahl_schlafzimmer;anzahl_badezimmer;Ursprünglicher Angebotspreis;Angebotspreis;Realer Kaufpreis;baujahr;zustand;etagen_zahl;balkon;terrasse;unterkellert;energieausweisbaujahr;auftragvon;auftragbis;auftragsart;verkauft_am
wohnen;kauf;haus;0;97084;Würzburg;;225.0;480.0;7.0;5;3;0;950000.0;;1990;Teil- oder vollsaniert;0;1;0;JA;2016;;;;
wohnen;kauf;haus;0;97084;Würzburg;;131.82;0;4.0;0;0;0;600000.0;;2022;;0;0;1;JA;2022;;;;
wohnen;kauf;haus;0;97084;Würzburg;;235.0;538.0;10.0;0;0;0;729000.0;;1970;;0;0;0;JA;1970;;;;
wohnen;kauf;haus;0;97084;Würzburg;;197.0;372.0;8.0;5;3;0;495000.0;;1937;Teil- oder vollrenovierungsbedürftig;0;0;0;JA;1937;;;;
wohnen;kauf;haus;0;97084;Würzburg;;50.0;0;0;0;0;0;50000.0;;1999;;0;0;0;NEIN;1999;;;;
wohnen;kauf;haus;0;97074;Würzburg;;73.0;230.0;5.0;0;0;0;420000.0;;1986;Neuwertig;0;1;1;JA;1986;;;;
wohnen;kauf;haus;0;97074;Würzburg;;161.0;920.0;5.0;3;2;0;525000.0;;1973;;0;1;0;JA;1973;;;;
wohnen;kauf;haus;0;97286;Winterhausen;;0;1744.0;0;0;0;0;23000.0;;;;0;0;0;NEIN;;;;;
wohnen;kauf;haus;0;97082;Würzburg;;240.0;1224.0;7.0;0;0;0;1050000.0;;1978;Teil- oder vollrenoviert;3;1;1;NEIN;1978;;;;
wohnen;kauf;haus;0;97082;Würzburg;;180.0;2480.0;9.0;0;0;0;1585000.0;;1964;;2;1;1;JA;1964;;;;
wohnen;kauf;haus;0;97218;Gerbrunn;;140.0;100.0;5.0;0;0;0;370000.0;;1960;Teil- oder vollrenoviert;3;1;0;JA;1960;;;;
wohnen;kauf;haus;0;97082;Würzburg;;450.0;1230.0;9.0;5;4;0;2900000.0;;1991;;0;0;1;JA;1993;;;;
wohnen;kauf;haus;0;97218;Gerbrunn;;210.0;1180.0;7.0;0;0;0;;;1967;;2;1;1;JA;1967;;;;
wohnen;kauf;haus;0;97218;Gerbrunn;;254.0;658.0;6.0;3;2;0;790000.0;;1987;;0;0;1;JA;1987;;;;
wohnen;kauf;haus;0;97074;Würzburg;;215.0;996.0;8.0;0;0;0;980000.0;;1961;;0;0;0;NEIN;2007;;;;
wohnen;kauf;haus;0;97082;Würzburg;;262.0;1464.0;7.0;5;2;0;1749000.0;;1968;;0;0;1;JA;1968;;;;
wohnen;kauf;haus;0;97074;Würzburg;;300.0;650.0;10.0;7;4;0;1250000.0;;1978;;1;1;1;JA;1978;;;;
wohnen;kauf;haus;0;97218;Gerbrunn;;131.0;0;0;0;0;0;;;;Projektiert;0;0;0;JA;;;;;
wohnen;kauf;haus;0;97082;Würzburg;;95.0;1916.0;0;0;0;0;1100000.0;;2006;;0;1;1;NEIN;2006;;;;
wohnen;kauf;haus;0;97074;Würzburg;;210.0;880.0;7.0;3;2;0;985000.0;;1982;;0;0;0;NEIN;1982;;;;
wohnen;kauf;haus;0;97286;Sommerhausen;;303.0;1014.0;9.0;3;2;0;1080000.0;;;Altbau;0;0;0;JA;;;;;
wohnen;kauf;haus;0;97218;Gerbrunn;;120.0;1175.0;3.0;1;1;0;690000.0;;1979;;0;0;0;NEIN;1979;;;;
wohnen;kauf;haus;0;97074;Würzburg;;150.0;887.0;6.0;0;0;0;610000.0;;1955;Abrissobjekt;0;0;1;JA;1955;;;;
wohnen;kauf;haus;0;97286;Sommerhausen;;141.0;208.0;5.0;0;0;0;570000.0;;2016;;0;0;0;NEIN;2016;;;;
wohnen;kauf;haus;1;97070;Würzburg;;121.5;300.0;4.0;0;0;0;276500.0;;;Neubau;0;0;1;NEIN;;;;;
wohnen;kauf;haus;0;97204;Höchberg;;186.0;1055.0;5.0;0;0;0;999000.0;;2021;Projektiert;2;0;0;NEIN;2021;;;;
wohnen;kauf;haus;0;97076;Würzburg;;201.0;0;10.0;0;0;0;1449000.0;;2021;Erstbezug;0;0;0;NEIN;2021;;;;
wohnen;kauf;haus;0;97080;Würzburg;;422.0;0;0;0;0;0;2050000.0;;1950;;0;1;0;JA;1955;;;;
wohnen;kauf;haus;0;97080;Würzburg;;496.0;555.0;21.0;0;0;0;1650000.0;;1952;;0;0;0;NEIN;1952;;;;
wohnen;kauf;haus;0;97078;Würzburg;;220.0;400.0;9.0;6;3;0;519900.0;;1938;;0;1;1;NEIN;1990;;;;
wohnen;kauf;haus;0;97076;Würzburg;;187.0;781.0;6.0;0;2;0;860000.0;;1990;;0;0;1;JA;1990;;;;
wohnen;kauf;haus;0;97078;Würzburg;;216.0;146.0;9.0;0;0;0;369000.0;;;;0;1;0;NEIN;1970;;;;
wohnen;kauf;haus;0;97076;Würzburg;;120.0;168.0;4.0;0;0;0;325000.0;;1976;;0;0;1;JA;1976;;;;
wohnen;kauf;haus;0;97070;Würzburg;;191.0;3278.0;4.0;0;2;0;1860000.0;;;;0;0;0;NEIN;;;;;
wohnen;kauf;haus;0;97078;Würzburg;;345.0;775.0;9.0;0;0;0;1100000.0;;1977;;3;1;0;NEIN;2010;;;;
wohnen;kauf;haus;0;97078;Würzburg;;235.0;400.0;8.0;0;0;0;560000.0;;1938;Teil- oder vollsaniert;4;1;0;JA;1990;;;;
wohnen;kauf;haus;0;97078;Würzburg;;148.0;161.0;7.0;0;0;0;475000.0;;1978;;3;0;0;NEIN;1978;;;;
wohnen;kauf;haus;0;97078;Würzburg;;124.5;0;5.0;0;0;0;;;2021;Projektiert;2;0;0;NEIN;2021;;;;
wohnen;kauf;haus;0;97080;Würzburg;;131.0;0;0;0;0;0;;;;Projektiert;0;0;0;JA;;;;;
wohnen;kauf;haus;0;97337;Dettelbach;;144.0;880.0;4.0;3;1;0;510000.0;;;;0;0;0;NEIN;;;;;
wohnen;kauf;haus;0;97337;Dettelbach;;142.0;880.0;5.0;4;1;0;490000.0;;;;0;0;0;NEIN;;;;;
wohnen;kauf;haus;0;97337;Dettelbach;;263.0;880.0;8.0;6;2;0;620000.0;;2021;Erstbezug;0;0;0;NEIN;2021;;;;
wohnen;kauf;haus;0;97078;Würzburg;;390.0;736.0;16.0;0;0;0;698000.0;;;Teil- oder vollsaniert;0;0;0;NEIN;;;;;
wohnen;kauf;haus;0;97199;Ochsenfurt;;83.0;1700.0;3.0;0;0;0;260000.0;;1952;;0;0;1;JA;1952;;;;
wohnen;kauf;haus;0;97318;Biebelried;;140.0;0;5.0;0;0;0;258000.0;;2020;Projektiert;2;0;0;NEIN;2020;;;;
wohnen;kauf;haus;0;97318;Biebelried;;134.0;610.0;4.0;0;0;0;344000.0;;2020;Projektiert;0;0;0;NEIN;2020;;;;
wohnen;kauf;haus;0;97318;Biebelried;;170.0;610.0;6.0;0;0;0;374000.0;;;Projektiert;0;0;0;NEIN;;;;;
wohnen;kauf;haus;0;97318;Kitzingen;;170.0;0;7.0;0;0;0;310000.0;;1962;;3;0;0;NEIN;1962;;;;
wohnen;kauf;haus;0;97080;Würzburg;;130.0;409.0;5.0;3;2;0;415000.0;;1974;Teil- oder vollrenovierungsbedürftig;0;1;1;JA;1974;;;;
wohnen;kauf;haus;0;97299;Zell;;250.0;580.0;10.0;0;1;0;850000.0;;1982;Teil- oder vollsaniert;3;0;0;JA;1982;;;;
wohnen;kauf;haus;0;97199;Ochsenfurt;;190.0;970.0;8.0;5;3;0;529900.0;;1970;;0;1;1;NEIN;1970;;;;
wohnen;kauf;haus;0;97080;Würzburg;;137.0;1575.0;4.0;2;2;0;599000.0;;1971;;0;1;1;NEIN;1971;;;;
wohnen;kauf;haus;0;97209;Veitshöchheim;;120.0;281.0;4.0;3;2;0;469000.0;;1976;;0;0;1;JA;1976;;;;
wohnen;kauf;haus;0;97209;Veitshöchheim;;220.0;734.0;7.0;0;0;0;784000.0;;2021;Projektiert;0;0;0;JA;2021;;;;
wohnen;kauf;haus;0;97209;Veitshöchheim;;240.0;4008.0;9.0;0;1;0;2400000.0;;2000;;2;0;1;NEIN;2000;;;;
wohnen;kauf;haus;0;97295;Waldbrunn;;420.0;640.0;16.0;0;1;0;580000.0;;1974;Teil- oder vollrenoviert;0;1;1;JA;2005;;;;
wohnen;kauf;haus;0;97199;Ochsenfurt;;119.0;93.0;4.0;0;0;0;205000.0;;1930;;0;1;0;NEIN;1930;;;;
wohnen;kauf;haus;0;97199;Ochsenfurt;;180.0;259.0;5.0;0;0;0;320000.0;;1563;;3;0;0;NEIN;1563;;;;
wohnen;kauf;haus;0;97222;Rimpar;;350.0;1165.0;14.0;0;0;0;860000.0;;;;0;1;0;JA;;;;;
wohnen;kauf;haus;0;97209;Veitshöchheim;;197.0;1227.0;6.0;0;0;0;475000.0;;1934;;0;0;1;JA;1934;;;;
wohnen;kauf;haus;0;97265;Hettstadt;;140.0;410.0;6.0;0;0;0;;;2021;Erstbezug;3;0;1;NEIN;2021;;;;
wohnen;kauf;haus;0;97252;Frickenhausen;;136.0;125.0;6.0;0;0;0;375000.0;;;Teil- oder vollrenoviert;3;0;0;JA;;;;;
wohnen;kauf;haus;0;97209;Veitshöchheim;;131.0;0;0;0;0;0;;;;Projektiert;0;0;0;JA;;;;;
wohnen;kauf;haus;0;97265;Hettstadt;;131.0;0;0;0;0;0;;;;Projektiert;0;0;0;JA;;;;;
wohnen;kauf;haus;0;97209;Veitshöchheim;;132.0;263.0;5.0;0;0;0;382000.0;;;Projektiert;0;0;0;NEIN;;;;;
wohnen;kauf;haus;0;97209;Veitshöchheim;;130.0;0;6.0;0;0;0;;;2021;Erstbezug;2;0;1;NEIN;2021;;;;
wohnen;kauf;haus;0;97209;Veitshöchheim;;130.0;0;6.0;0;0;0;;;2021;Erstbezug;2;0;1;NEIN;2021;;;;
wohnen;kauf;haus;0;97337;Dettelbach;;131.0;0;0;0;0;0;;;;Projektiert;0;0;0;JA;;;;;
wohnen;kauf;haus;0;97265;Hettstadt;;193.0;600.0;5.0;0;0;0;429899.0;;;Erstbezug;1;0;0;NEIN;;;;;
wohnen;kauf;haus;0;97222;Rimpar;;210.0;614.0;7.0;0;0;0;675000.0;;1979;;0;1;1;JA;1979;;;;
wohnen;kauf;haus;0;97950;Großrinderfeld;;122.0;731.0;4.0;0;0;0;360480.0;;;;0;0;0;NEIN;;;;;
wohnen;kauf;haus;0;97950;Großrinderfeld;;166.0;530.0;5.0;0;0;0;380599.0;;;Erstbezug;2;0;0;NEIN;;;;;
wohnen;kauf;haus;1;97273;Kürnach;;254.0;774.0;9.0;0;0;0;1330000.0;;2019;Neubau;0;0;1;JA;2019;;;;
wohnen;kauf;haus;0;97320;Sulzfeld;;187.0;126.0;6.0;0;0;0;346500.0;;;Neuwertig;4;1;0;JA;1911;;;;
wohnen;kauf;haus;0;97222;Rimpar;;130.0;130.0;6.0;4;1;0;375000.0;;1999;;0;1;0;JA;1999;;;;
wohnen;kauf;haus;0;97273;Kürnach;;131.0;0;0;0;0;0;;;;Projektiert;0;0;0;JA;;;;;
wohnen;kauf;haus;0;97276;Margetshöchheim;;263.0;650.0;8.0;0;0;0;590699.0;;;Erstbezug;1;0;0;NEIN;;;;;
wohnen;kauf;haus;0;97273;Kürnach;;170.0;0;6.0;0;0;0;259000.0;;;Projektiert;0;0;0;NEIN;;;;;
wohnen;kauf;haus;0;97273;Kürnach;;134.0;0;4.0;0;0;0;229000.0;;;Projektiert;0;0;0;NEIN;;;;;
wohnen;kauf;haus;0;97318;Kitzingen;;99.0;256.0;4.0;0;0;0;270000.0;;1985;;0;1;1;NEIN;1985;;;;
wohnen;kauf;haus;0;97342;Marktsteft;;386.8;961.0;7.0;0;1;0;1190000.0;;1990;Neuwertig;2;0;1;JA;1990;;;;
wohnen;kauf;haus;0;97237;Altertheim;;130.0;404.0;5.0;0;0;0;250000.0;;1994;Teil- oder vollrenovierungsbedürftig;3;0;0;JA;1994;;;;
wohnen;kauf;haus;0;97230;Estenfeld;;154.0;0;5.0;0;0;0;272000.0;;;Projektiert;0;0;0;NEIN;;;;;
wohnen;kauf;haus;0;97230;Estenfeld;;170.0;0;6.0;0;0;0;259000.0;;;Projektiert;0;0;0;NEIN;;;;;
wohnen;kauf;haus;0;97340;Marktbreit;;500.0;2500.0;10.0;0;0;0;;;1966;Neuwertig;1;1;1;JA;1995;;;;
wohnen;kauf;haus;0;97237;Altertheim;;240.0;1237.0;9.0;7;2;0;499000.0;;1999;;0;1;1;JA;1999;;;;
wohnen;kauf;haus;0;97230;Estenfeld;;108.0;357.0;5.0;0;0;0;235000.0;;1920;Teil- oder vollrenovierungsbedürftig;0;0;1;JA;1920;;;;
wohnen;kauf;haus;0;97318;Kitzingen;;126.0;399.0;5.0;0;0;0;428468.0;;2021;Erstbezug;3;0;1;JA;2021;;;;
wohnen;kauf;haus;0;97318;Kitzingen;;122.0;267.0;5.0;0;0;0;378355.0;;2021;Erstbezug;3;0;1;JA;2021;;;;
wohnen;kauf;haus;0;97318;Kitzingen;;1365.0;3693.0;20.0;0;0;0;;;1970;;0;0;0;NEIN;1970;;;;
wohnen;kauf;haus;0;97318;Kitzingen;;347.0;3215.0;11.0;0;0;0;1290000.0;;;;2;0;1;JA;;;;;
wohnen;kauf;haus;0;97318;Kitzingen;;227.0;5700.0;8.0;0;1;0;1100000.0;;1954;Teil- oder vollsaniert;1;0;0;NEIN;2007;;;;
wohnen;kauf;haus;0;97261;Güntersleben;;156.0;552.0;5.0;0;0;0;569000.0;;1999;;0;1;0;NEIN;1999;;;;
wohnen;kauf;haus;0;97318;Kitzingen;;281.0;170.0;10.0;0;0;0;770000.0;;1800;;0;0;0;NEIN;1800;;;;
wohnen;kauf;haus;0;97261;Güntersleben;;292.44;1000.0;0;0;0;0;585000.0;;1974;Teil- oder vollsaniert;3;1;1;NEIN;1974;;;;
wohnen;kauf;haus;0;97318;Kitzingen;;124.45;251.0;7.0;3;1;0;399000.0;;2000;;0;0;1;JA;2014;;;;
wohnen;kauf;haus;0;97318;Kitzingen;;362.0;559.0;10.0;0;0;0;529000.0;;1950;;2;1;0;JA;1950;;;;
wohnen;kauf;haus;0;97318;Kitzingen;;430.0;2060.0;10.0;0;0;0;955000.0;;1898;Teil- oder vollrenovierungsbedürftig;2;1;0;JA;1898;;;;
wohnen;kauf;haus;0;97318;Kitzingen;;264.0;0;0;0;0;0;470000.0;;1899;;0;0;0;JA;2003;;;;
wohnen;kauf;haus;0;97318;Kitzingen;;730.0;700.0;29.0;9;9;0;1650000.0;;1898;;0;1;0;NEIN;1898;;;;
wohnen;kauf;haus;0;97318;Kitzingen;;178.0;150.0;8.0;4;3;0;545000.0;;1900;;0;0;0;NEIN;1900;;;;
wohnen;kauf;haus;0;97261;Güntersleben;;240.0;820.0;9.0;0;0;0;598000.0;;1982;;0;0;0;NEIN;2009;;;;
wohnen;kauf;haus;0;97320;Albertshofen;;260.0;240.0;0;0;0;0;249000.0;;;;0;0;0;NEIN;1985;;;;
wohnen;kauf;haus;0;97320;Albertshofen;;260.0;240.0;0;0;0;0;249000.0;;;;0;0;0;NEIN;1985;;;;
wohnen;kauf;haus;0;97261;Güntersleben;;135.0;512.0;5.0;0;0;0;379000.0;;1970;;3;0;1;JA;1970;;;;
wohnen;kauf;haus;0;97261;Güntersleben;;136.0;1210.0;8.0;0;0;0;390000.0;;;;0;0;0;JA;;;;;
wohnen;kauf;haus;0;97261;Güntersleben;;171.0;446.0;6.0;0;0;0;345000.0;;;;0;1;1;NEIN;;;;;
wohnen;kauf;haus;0;97261;Güntersleben;;90.0;180.0;3.5;0;0;0;179999.0;;1910;;0;0;0;JA;1910;;;;
wohnen;kauf;haus;0;97318;Kitzingen;;102.0;186.0;5.0;2;2;0;299000.0;;1949;;0;0;1;JA;2019;;;;
wohnen;kauf;haus;0;97340;Marktbreit;;250.0;1160.0;10.0;5;2;0;460000.0;;1998;;0;1;0;JA;1998;;;;
wohnen;kauf;haus;0;97340;Marktbreit;;225.0;974.0;4.0;0;0;0;390000.0;;1918;;0;0;0;NEIN;1918;;;;
wohnen;kauf;haus;0;97340;Marktbreit;;225.0;974.0;4.0;0;0;0;390000.0;;1918;;0;0;0;NEIN;1918;;;;
wohnen;kauf;haus;0;97320;Albertshofen;;260.0;1180.0;6.0;0;2;0;690000.0;;2001;;0;0;0;NEIN;2001;;;;
wohnen;kauf;haus;0;97294;Unterpleichfeld;;173.0;850.0;5.0;0;0;0;348899.0;;;Erstbezug;1;0;0;NEIN;;;;;
wohnen;kauf;haus;0;97294;Unterpleichfeld;;173.0;850.0;5.0;0;0;0;348899.0;;;Erstbezug;1;0;0;NEIN;;;;;
wohnen;kauf;haus;0;97957;Wittighausen;;435.0;1060.0;26.0;7;2;0;333000.0;;1866;;0;0;0;NEIN;1866;;;;
wohnen;kauf;haus;0;97337;Dettelbach;;138.0;751.0;4.5;0;1;0;499000.0;;2016;Neuwertig;0;0;1;NEIN;2016;;;;
wohnen;kauf;haus;0;97297;Waldbüttelbrunn;;256.0;726.0;7.0;4;2;0;680000.0;;1981;;0;1;0;JA;1981;;;;
wohnen;kauf;haus;0;97318;Kitzingen;;126.0;274.0;5.0;0;0;0;385265.0;;2021;Erstbezug;3;0;1;JA;2021;;;;
wohnen;kauf;haus;0;97259;Greußenheim;;154.0;235.0;5.0;0;0;0;324000.0;;2021;Projektiert;2;0;0;NEIN;2021;;;;
wohnen;kauf;haus;0;97259;Greußenheim;;154.0;432.0;5.0;0;0;0;367000.0;;2021;Projektiert;2;0;0;NEIN;2021;;;;
wohnen;kauf;haus;0;97199;Ochsenfurt;;420.0;553.0;16.0;0;0;0;359000.0;;1913;;3;0;0;NEIN;1913;;;;
wohnen;kauf;haus;0;97259;Greußenheim;;120.0;231.0;4.5;0;0;0;195000.0;;1959;Teil- oder vollsaniert;3;0;1;JA;1959;;;;
wohnen;kauf;haus;0;97294;Unterpleichfeld;;165.3;913.0;5.0;0;0;0;169900.0;;;Teil- oder vollrenovierungsbedürftig;0;0;0;NEIN;;;;;
wohnen;kauf;haus;0;97244;Bütthard;;120.0;193.0;4.5;0;0;0;165000.0;;;;2;0;0;JA;;;;;
wohnen;kauf;haus;0;97255;Sonderhofen;;142.0;620.0;5.0;0;0;0;239599.0;;;Erstbezug;1;0;0;NEIN;;;;;
wohnen;kauf;haus;0;97255;Sonderhofen;;142.0;620.0;5.0;0;0;0;239599.0;;;Erstbezug;1;0;0;NEIN;;;;;
wohnen;kauf;haus;0;97318;Kitzingen;;3282.0;9000.0;0;0;0;0;;;;;2;0;1;NEIN;;;;;
wohnen;kauf;haus;0;97274;Leinach;;42.0;1206.0;2.0;0;0;0;89000.0;;;;2;0;1;JA;;;;;
wohnen;kauf;haus;0;97292;Uettingen;;170.0;380.0;5.0;0;1;0;260000.0;;1700;Teil- oder vollsaniert;0;0;0;NEIN;2000;;;;
wohnen;kauf;haus;0;97292;Uettingen;;169.85;330.0;7.0;0;0;0;245000.0;;1710;;0;0;0;JA;1710;;;;
wohnen;kauf;haus;0;97342;Obernbreit;;191.0;176.0;5.0;0;3;0;417000.0;;1900;;0;0;1;JA;1900;;;;
wohnen;kauf;haus;0;97337;Dettelbach;;142.0;580.0;5.0;0;0;0;329999.0;;;Erstbezug;1;0;0;NEIN;;;;;
wohnen;kauf;haus;1;97291;Thüngersheim;;225.88;690.0;5.0;0;0;0;1275000.0;;;Neubau;2;0;1;NEIN;2019;;;;
wohnen;kauf;haus;1;97291;Thüngersheim;;225.88;690.0;5.0;0;0;0;1275000.0;;;Neubau;2;0;1;NEIN;2019;;;;
wohnen;kauf;haus;0;97291;Thüngersheim;;190.0;356.0;5.0;0;1;0;698000.0;;1996;;0;1;1;JA;1996;;;;
wohnen;kauf;haus;0;97318;Kitzingen;;131.0;0;0;0;0;0;;;;Projektiert;0;0;0;JA;;;;;
wohnen;kauf;haus;0;97274;Leinach;;203.52;2077.0;8.0;6;2;0;425000.0;;1968;;0;1;1;NEIN;1968;;;;
wohnen;kauf;haus;1;97337;Dettelbach;;125.0;400.0;5.0;0;0;0;390000.0;;2021;Neubau;0;0;1;NEIN;2021;;;;
wohnen;kauf;haus;0;97255;Gelchsheim;;110.0;567.0;4.0;0;0;0;227000.0;;2021;Projektiert;0;0;0;NEIN;2021;;;;
wohnen;kauf;haus;0;97255;Gelchsheim;;134.0;567.0;5.0;0;0;0;283000.0;;2021;Projektiert;0;0;0;NEIN;2021;;;;
wohnen;kauf;haus;0;97255;Gelchsheim;;92.0;567.0;3.0;0;0;0;212000.0;;2021;Projektiert;0;0;0;NEIN;2021;;;;
wohnen;kauf;haus;0;97255;Gelchsheim;;150.0;567.0;5.0;0;0;0;277000.0;;2021;Projektiert;0;0;0;NEIN;2021;;;;
wohnen;kauf;haus;0;97255;Gelchsheim;;125.0;567.0;4.0;0;0;0;243000.0;;2021;Projektiert;0;0;0;NEIN;2021;;;;
wohnen;kauf;haus;0;97255;Gelchsheim;;133.0;567.0;5.0;0;0;0;271000.0;;2021;Projektiert;0;0;0;NEIN;2021;;;;
wohnen;kauf;haus;0;97255;Gelchsheim;;137.0;610.0;4.0;0;0;0;230999.0;;;Erstbezug;1;0;0;NEIN;;;;;
wohnen;kauf;haus;0;97255;Gelchsheim;;137.0;610.0;4.0;0;0;0;230999.0;;;Erstbezug;1;0;0;NEIN;;;;;
wohnen;kauf;haus;0;97957;Wittighausen;;134.0;0;4.0;0;0;0;228000.0;;2020;Projektiert;0;0;0;NEIN;2020;;;;
wohnen;kauf;haus;0;97350;Mainbernheim;;296.0;738.0;12.5;0;0;0;405000.0;;1971;;0;0;0;NEIN;1971;;;;
wohnen;kauf;haus;0;97262;Hausen;;313.0;1201.0;16.0;1;8;0;399000.0;;1963;;0;1;1;JA;1963;;;;
wohnen;kauf;haus;0;97283;Riedenheim;;210.0;4220.0;7.0;0;0;0;357000.0;;1958;;0;0;0;NEIN;1958;;;;
wohnen;kauf;haus;0;97292;Holzkirchen;;137.0;600.0;4.0;0;0;0;279899.0;;;Erstbezug;1;0;0;NEIN;;;;;
wohnen;kauf;haus;0;97241;Bergtheim;;131.0;0;0;0;0;0;;;;Projektiert;0;0;0;JA;;;;;
wohnen;kauf;haus;0;97283;Riedenheim;;122.0;650.0;4.0;0;0;0;245000.0;;2021;Projektiert;0;0;0;NEIN;2021;;;;
wohnen;kauf;haus;0;97283;Riedenheim;;100.0;650.0;3.0;0;0;0;213000.0;;2021;Projektiert;0;0;0;NEIN;2021;;;;
wohnen;kauf;haus;0;97283;Riedenheim;;134.0;650.0;5.0;0;0;0;281000.0;;2021;Projektiert;0;0;0;NEIN;2021;;;;
wohnen;kauf;haus;0;97283;Riedenheim;;150.0;650.0;5.0;0;0;0;274000.0;;2021;Projektiert;0;0;0;NEIN;2021;;;;
wohnen;kauf;haus;0;97283;Riedenheim;;110.0;650.0;4.0;0;0;0;221000.0;;2021;Projektiert;0;0;0;NEIN;2021;;;;
wohnen;kauf;haus;0;97283;Riedenheim;;131.0;650.0;5.0;0;0;0;249000.0;;2021;Projektiert;0;0;0;NEIN;2021;;;;
wohnen;kauf;haus;0;97348;Willanzheim;;134.0;593.0;4.0;0;0;0;281000.0;;;Projektiert;0;0;0;NEIN;;;;;
wohnen;kauf;haus;0;97280;Remlingen;;430.0;1000.0;17.0;1;7;0;649000.0;;1952;;3;1;0;JA;1990;;;;
wohnen;kauf;haus;0;97225;Zellingen;;140.0;0;5.0;0;0;0;258000.0;;2020;Projektiert;2;0;0;NEIN;2020;;;;
wohnen;kauf;haus;0;97225;Zellingen;;134.0;0;4.0;0;0;0;228000.0;;2020;Projektiert;0;0;0;NEIN;2020;;;;
wohnen;kauf;haus;0;97225;Zellingen;;170.0;0;6.0;0;0;0;269000.0;;2020;Projektiert;0;0;0;NEIN;2020;;;;
wohnen;kauf;haus;0;97225;Zellingen;;135.0;634.0;5.0;0;0;0;471000.0;;;Projektiert;0;0;0;NEIN;;;;;
wohnen;kauf;haus;0;97947;Grünsfeld;;122.0;731.0;4.0;0;0;0;311470.0;;;;0;0;0;NEIN;;;;;
wohnen;kauf;haus;0;97222;Rimpar;;158.12;613.0;5.0;0;0;0;310000.0;;1975;;0;1;1;NEIN;1975;;;;
wohnen;kauf;haus;0;97947;Grünsfeld;;140.0;793.0;5.0;3;1;0;312500.0;;;Projektiert;0;0;0;NEIN;;;;;
wohnen;kauf;haus;0;97222;Rimpar;;115.0;665.0;6.0;0;0;0;320000.0;;1952;;0;0;0;NEIN;1952;;;;
wohnen;kauf;haus;0;97359;Schwarzach;;144.0;600.0;4.0;0;0;0;330899.0;;;Erstbezug;2;0;0;NEIN;;;;;
wohnen;kauf;haus;0;97947;Grünsfeld;;223.0;415.0;11.0;0;0;0;385000.0;;1982;;0;0;0;NEIN;1982;;;;
wohnen;kauf;haus;0;97222;Rimpar;;131.0;0;0;0;0;0;;;;Projektiert;0;0;0;JA;;;;;
wohnen;kauf;haus;0;97262;Hausen;;137.0;420.0;4.0;0;0;0;319699.0;;;Erstbezug;1;0;0;NEIN;;;;;
wohnen;kauf;haus;0;97239;Aub;;0;877.0;0;0;0;0;137200.0;;1914;;0;0;0;JA;1914;;;;
wohnen;kauf;haus;0;97239;Aub;;0;877.0;0;0;0;0;137200.0;;;;0;0;0;NEIN;;;;;
wohnen;kauf;haus;0;97239;Aub;;0;877.0;0;0;0;0;137200.0;;;;0;0;0;NEIN;;;;;
wohnen;kauf;haus;0;97258;Hemmersheim;;142.0;700.0;5.0;4;1;0;275000.0;;;;0;0;0;NEIN;;;;;
wohnen;kauf;haus;0;97241;Bergtheim;;135.0;430.0;4.0;0;0;0;310000.0;;;Erstbezug;2;0;0;NEIN;;;;;
wohnen;kauf;haus;0;97241;Bergtheim;;142.0;550.0;5.0;0;0;0;349766.0;;;Erstbezug;1;0;0;NEIN;;;;;
wohnen;kauf;haus;0;97834;Birkenfeld;;134.0;1190.0;4.0;0;0;0;273000.0;;2020;Projektiert;0;0;0;NEIN;2020;;;;
wohnen;kauf;haus;0;97359;Schwarzach;;340.0;4779.0;8.0;0;2;0;790000.0;;1995;;0;1;1;JA;1994;;;;
wohnen;kauf;haus;0;97837;Erlenbach;;134.0;622.0;4.0;0;0;0;340000.0;;;Projektiert;0;0;0;JA;;;;;
wohnen;kauf;haus;0;97834;Birkenfeld;;170.0;974.0;6.0;0;0;0;414000.0;;2021;Projektiert;0;0;0;JA;2021;;;;
wohnen;kauf;haus;1;97289;Thüngen;;160.0;1049.0;4.0;0;0;0;900000.0;;2016;Neubau;0;0;1;JA;2016;;;;
wohnen;kauf;haus;1;97289;Thüngen;;160.0;1049.0;4.0;0;0;0;900000.0;;2016;Neubau;0;0;1;JA;2016;;;;
wohnen;kauf;haus;0;97834;Birkenfeld;;137.0;850.0;4.0;0;0;0;284599.0;;;Erstbezug;1;0;0;NEIN;;;;;
wohnen;kauf;haus;0;97332;Volkach;;131.0;0;0;0;0;0;;;;Projektiert;0;0;0;JA;;;;;
wohnen;kauf;haus;0;97834;Birkenfeld;;197.0;530.0;5.5;3;2;0;446800.0;;;Projektiert;0;0;0;NEIN;;;;;
wohnen;kauf;haus;0;97941;Tauberbischofsheim;;195.0;904.0;5.0;2;2;0;479000.0;;1996;;0;1;1;JA;1996;;;;
wohnen;kauf;haus;0;97247;Eisenheim;;200.0;705.0;8.0;0;0;0;545000.0;;1990;;0;0;0;NEIN;1990;;;;
wohnen;kauf;haus;0;97956;Werbach;;0;1600.0;6.0;0;0;0;350000.0;;2002;;0;0;0;NEIN;2002;;;;
wohnen;kauf;haus;0;97941;Tauberbischofsheim;;220.0;880.0;8.0;0;0;0;395000.0;;1977;;0;1;1;NEIN;1977;;;;
wohnen;kauf;haus;0;97877;Wertheim;;173.0;731.0;5.0;0;0;0;552280.0;;;;0;0;0;NEIN;;;;;
wohnen;kauf;haus;0;97332;Volkach;;271.0;210.0;12.0;0;0;0;445000.0;;;Teil- oder vollrenoviert;4;1;0;JA;;;;;
wohnen;kauf;haus;0;97941;Tauberbischofsheim;;148.0;525.0;4.0;0;0;0;295000.0;;1980;;0;1;1;JA;1981;;;;
wohnen;kauf;haus;0;97243;Bieberehren;;198.0;911.0;7.5;0;0;0;349000.0;;1967;;0;1;1;NEIN;1967;;;;
wohnen;kauf;haus;0;97941;Tauberbischofsheim;;100.0;475.0;6.0;0;0;0;175000.0;;1929;;0;0;0;NEIN;1929;;;;
wohnen;kauf;haus;0;97523;Schwanfeld;;286.25;732.0;8.0;0;2;0;579000.0;;2000;;0;0;0;NEIN;2000;;;;
wohnen;kauf;haus;0;97941;Tauberbischofsheim;;300.0;183.0;8.0;0;0;0;295000.0;;1486;;0;0;0;NEIN;1486;;;;
wohnen;kauf;haus;0;97941;Tauberbischofsheim;;0;1490.0;0;0;0;0;498000.0;;1980;;0;0;0;NEIN;1980;;;;
wohnen;kauf;haus;0;97956;Werbach;;180.0;391.0;6.0;0;2;0;217000.0;;1925;;0;0;0;NEIN;1925;;;;
wohnen;kauf;haus;0;97285;Röttingen;;178.0;845.0;6.0;0;0;0;342000.0;;;Projektiert;0;0;0;NEIN;;;;;
wohnen;kauf;haus;0;97285;Röttingen;;170.0;934.0;6.0;0;0;0;358000.0;;2019;Projektiert;0;0;0;JA;2019;;;;
wohnen;kauf;haus;0;97837;Erlenbach;;170.0;920.0;6.0;0;0;0;423000.0;;;Projektiert;0;0;0;JA;;;;;
wohnen;kauf;haus;0;Markt;Einersheim;;308.0;2239.0;8.0;0;0;0;695000.0;;1984;;0;0;0;NEIN;1984;;;;
wohnen;kauf;haus;0;97285;Röttingen;;142.0;930.0;5.0;0;0;0;298999.0;;;Erstbezug;1;0;0;NEIN;;;;;
wohnen;kauf;haus;0;97509;Kolitzheim;;408.0;448.0;10.0;0;0;0;;;1998;;3;1;1;NEIN;1998;;;;
wohnen;kauf;haus;0;97225;Zellingen;;131.0;0;0;0;0;0;;;;Projektiert;0;0;0;JA;;;;;
wohnen;kauf;haus;0;97877;Wertheim;;224.0;807.0;8.0;4;2;0;395000.0;;1995;;0;1;1;JA;1995;;;;
wohnen;kauf;haus;0;97877;Wertheim;;121.0;470.0;4.0;0;0;0;266000.0;;2021;Projektiert;0;0;0;NEIN;2021;;;;
wohnen;kauf;haus;0;97877;Wertheim;;151.0;470.0;6.0;0;0;0;293000.0;;2021;Projektiert;0;0;0;NEIN;2021;;;;
wohnen;kauf;haus;0;97877;Wertheim;;153.0;470.0;4.0;0;0;0;303000.0;;2021;Projektiert;0;0;0;NEIN;2021;;;;
wohnen;kauf;haus;0;97877;Wertheim;;130.0;470.0;5.0;0;0;0;284000.0;;2021;Projektiert;0;0;0;NEIN;2021;;;;
wohnen;kauf;haus;0;97877;Wertheim;;92.0;470.0;3.0;0;0;0;225000.0;;2021;Projektiert;0;0;0;NEIN;2021;;;;
wohnen;kauf;haus;0;97877;Wertheim;;108.0;470.0;4.0;0;0;0;248000.0;;2021;Projektiert;0;0;0;NEIN;2021;;;;
wohnen;kauf;haus;0;97877;Wertheim;;151.0;470.0;6.0;0;0;0;293000.0;;2021;Projektiert;0;0;0;NEIN;2021;;;;
wohnen;kauf;haus;0;97258;Gollhofen;;150.0;890.0;5.0;4;1;0;349000.0;;2021;Projektiert;0;0;0;NEIN;2021;;;;
wohnen;kauf;haus;0;97243;Bieberehren;;178.0;755.0;6.0;0;0;0;298000.0;;1998;;0;0;1;NEIN;1998;;;;
wohnen;kauf;haus;0;97332;Volkach;;288.0;1100.0;10.0;5;3;0;497000.0;;1980;;0;1;1;JA;1980;;;;
wohnen;kauf;haus;0;97332;Volkach;;288.0;1100.0;10.0;5;3;0;497000.0;;1980;;0;1;1;JA;1980;;;;
wohnen;kauf;haus;0;97353;Wiesentheid;;230.0;1023.0;0;0;0;0;375000.0;;1989;;0;1;0;NEIN;1989;;;;
wohnen;kauf;haus;0;97450;Arnstein;;265.0;579.0;0;0;0;0;121000.0;;;;0;0;0;NEIN;;;;;
wohnen;kauf;haus;0;97450;Arnstein;;265.0;579.0;8.0;0;0;0;121000.0;;;;0;0;0;NEIN;;;;;
wohnen;kauf;haus;0;97450;Arnstein;;140.0;840.0;5.0;0;0;0;245000.0;;1999;;2;1;1;NEIN;1999;;;;
wohnen;kauf;haus;0;97450;Arnstein;;265.0;579.0;0;0;0;0;121000.0;;1965;;0;0;0;JA;1965;;;;
wohnen;kauf;haus;0;97450;Arnstein;;265.0;579.0;8.0;0;0;0;99000.0;;1965;;0;0;0;NEIN;1965;;;;
wohnen;kauf;haus;0;97332;Volkach;;220.0;900.0;6.0;0;2;0;270000.0;;1961;Baufällig;0;0;1;JA;1961;;;;
wohnen;kauf;haus;0;97922;Lauda-Königshofen;;155.0;250.0;0;0;0;0;105000.0;;1900;;0;0;0;NEIN;1900;;;;
wohnen;kauf;haus;0;97922;Lauda-Königshofen;;134.0;670.0;4.0;0;0;0;342000.0;;;Projektiert;0;0;0;NEIN;;;;;
wohnen;kauf;haus;0;97922;Lauda-Königshofen;;170.0;714.0;6.0;0;0;0;407000.0;;;Projektiert;0;0;0;JA;;;;;
wohnen;kauf;haus;1;97922;Lauda-Königshofen;;110.0;618.0;4.0;0;0;0;459000.0;;2020;Neubau;1;0;0;NEIN;2019;;;;
wohnen;kauf;haus;0;97855;Triefenstein;;527.95;700.0;0;0;0;0;500000.0;;1953;;0;0;0;NEIN;1953;;;;
wohnen;kauf;haus;0;97450;Arnstein;;140.0;532.0;5.0;3;1;0;325500.0;;;Projektiert;0;0;0;NEIN;;;;;
wohnen;kauf;haus;0;97855;Triefenstein;;260.0;788.0;10.0;0;0;0;380000.0;;1978;Teil- oder vollsaniert;3;0;1;JA;1978;;;;
wohnen;kauf;haus;0;97828;Marktheidenfeld;;267.0;738.0;0;0;0;0;790000.0;;1987;;0;0;0;NEIN;1987;;;;
wohnen;kauf;haus;0;97450;Arnstein;;380.0;256.0;7.0;0;0;0;295000.0;;1960;;0;0;0;JA;1960;;;;
wohnen;kauf;haus;0;97450;Arnstein;;125.0;600.0;4.0;3;1;0;280000.0;;2021;;0;0;0;NEIN;2021;;;;
wohnen;kauf;haus;0;97450;Arnstein;;125.0;600.0;4.0;3;1;0;280000.0;;2021;;0;0;0;NEIN;2021;;;;
wohnen;kauf;haus;0;97450;Arnstein;;125.0;600.0;4.0;3;1;0;280000.0;;2021;;0;0;0;NEIN;2021;;;;
wohnen;kauf;haus;0;97450;Arnstein;;125.0;600.0;4.0;3;1;0;280000.0;;2021;;0;0;0;NEIN;2021;;;;
wohnen;kauf;haus;0;97450;Arnstein;;280.0;200.0;15.0;6;1;0;89000.0;;1900;;0;0;1;JA;1900;;;;
wohnen;kauf;haus;0;97877;Wertheim;;134.0;600.0;4.0;0;0;0;288000.0;;;Projektiert;0;0;0;NEIN;;;;;
wohnen;kauf;haus;0;97877;Wertheim;;134.0;600.0;4.0;0;0;0;288000.0;;;Projektiert;0;0;0;NEIN;;;;;
wohnen;kauf;haus;0;97828;Marktheidenfeld;;336.0;1500.0;10.0;4;2;0;680000.0;;1975;;0;0;1;JA;1975;;;;
wohnen;kauf;haus;0;97828;Marktheidenfeld;;340.0;1500.0;10.0;0;3;0;680000.0;;1975;;0;1;0;NEIN;1975;;;;
wohnen;kauf;haus;0;97450;Arnstein;;154.0;620.0;5.0;0;0;0;360000.0;;;Erstbezug;0;0;0;NEIN;;;;;
wohnen;kauf;haus;0;97877;Wertheim;;125.0;710.0;4.0;0;0;0;289000.0;;2021;Projektiert;0;0;0;NEIN;2021;;;;
wohnen;kauf;haus;0;97877;Wertheim;;148.0;710.0;4.0;0;0;0;309000.0;;2021;Projektiert;0;0;0;NEIN;2021;;;;
wohnen;kauf;haus;0;97828;Marktheidenfeld;;254.0;697.0;8.0;5;5;0;475000.0;;1963;;0;1;1;JA;1963;;;;
wohnen;kauf;haus;0;97346;Iphofen;;241.0;3889.0;8.0;5;3;0;395000.0;;1957;;0;1;0;JA;1957;;;;
wohnen;kauf;haus;0;97842;Karbach;;134.0;578.0;4.0;0;0;0;336000.0;;2020;Projektiert;0;0;0;JA;2020;;;;
wohnen;kauf;haus;0;97877;Wertheim;;140.0;524.0;5.0;3;1;0;256000.0;;;Projektiert;0;0;0;NEIN;;;;;
wohnen;kauf;haus;0;97842;Karbach;;140.0;580.0;5.0;3;1;0;333200.0;;;Projektiert;0;0;0;NEIN;;;;;
wohnen;kauf;haus;0;97842;Karbach;;140.0;580.0;5.0;3;1;0;333200.0;;;Projektiert;0;0;0;NEIN;;;;;
wohnen;kauf;haus;0;97842;Karbach;;140.0;580.0;5.0;3;1;0;333200.0;;;Projektiert;0;0;0;NEIN;;;;;
wohnen;kauf;haus;0;97842;Karbach;;140.0;580.0;5.0;3;1;0;333200.0;;;Projektiert;0;0;0;NEIN;;;;;
wohnen;kauf;haus;0;97842;Karbach;;140.0;580.0;5.0;3;1;0;333200.0;;;Projektiert;0;0;0;NEIN;;;;;
wohnen;kauf;haus;0;97842;Karbach;;140.0;580.0;5.0;3;1;0;334200.0;;;Projektiert;0;0;0;NEIN;;;;;
wohnen;kauf;haus;0;97922;Lauda-Königshofen;;260.0;1400.0;12.0;0;0;0;299000.0;;1970;;0;1;1;NEIN;1970;;;;
wohnen;kauf;haus;0;97753;Karlstadt;;120.0;700.0;4.0;3;2;0;150000.0;;1960;Teil- oder vollrenovierungsbedürftig;0;0;1;JA;1960;;;;
wohnen;kauf;haus;0;97877;Wertheim;;146.0;501.0;5.0;0;2;0;330000.0;;1995;;0;0;1;JA;1995;;;;
wohnen;kauf;haus;0;97828;Marktheidenfeld;;186.0;712.0;5.0;0;0;0;523000.0;;;Projektiert;2;0;0;NEIN;;;;;
wohnen;kauf;haus;0;97828;Marktheidenfeld;;140.0;712.0;5.0;0;0;0;463000.0;;;Projektiert;2;0;0;NEIN;;;;;
wohnen;kauf;haus;0;97828;Marktheidenfeld;;137.0;712.0;3.0;0;0;0;499000.0;;;Projektiert;0;0;0;NEIN;;;;;
wohnen;kauf;haus;0;97828;Marktheidenfeld;;170.0;712.0;6.0;0;0;0;464000.0;;;Projektiert;0;0;0;NEIN;;;;;
wohnen;kauf;haus;0;97922;Lauda-Königshofen;;120.0;367.0;7.0;0;0;0;125000.0;;1900;;0;0;0;NEIN;1900;;;;
wohnen;kauf;haus;0;97922;Lauda-Königshofen;;0;802.0;9.0;0;0;0;69000.0;;1900;Teil- oder vollrenovierungsbedürftig;0;0;0;NEIN;1900;;;;
wohnen;kauf;haus;0;97828;Marktheidenfeld;;250.0;702.0;8.0;5;3;0;;;1972;;0;1;1;JA;1972;;;;
wohnen;kauf;haus;0;97353;Wiesentheid;;449.0;1934.0;22.0;1;5;0;550000.0;;;;0;1;1;JA;;;;;
wohnen;kauf;haus;0;97753;Karlstadt;;111.0;210.0;6.0;0;0;0;179999.0;;1910;Teil- oder vollsaniert;0;0;1;JA;1910;;;;
wohnen;kauf;haus;0;97215;Uffenheim;;147.0;365.0;5.0;0;0;0;479500.0;;2020;Erstbezug;2;0;1;NEIN;2020;;;;
wohnen;kauf;haus;0;97877;Wertheim;;134.0;0;4.0;0;0;0;228000.0;;2021;Projektiert;0;0;0;NEIN;2021;;;;
wohnen;kauf;haus;0;97877;Wertheim;;170.0;0;6.0;0;0;0;259000.0;;2021;Projektiert;0;0;0;NEIN;2021;;;;
wohnen;kauf;haus;0;97332;Volkach;;170.0;1061.0;6.0;0;0;0;420000.0;;2020;Projektiert;0;0;0;JA;2020;;;;
wohnen;kauf;haus;0;97877;Wertheim;;110.0;550.0;4.0;3;1;0;400000.0;;2020;Erstbezug;0;0;1;NEIN;2020;;;;
wohnen;kauf;haus;0;97215;Weigenheim;;126.0;856.0;4.5;0;0;0;144000.0;;1957;;0;0;0;NEIN;1957;;;;
wohnen;kauf;haus;0;97753;Karlstadt;;113.0;616.0;6.0;0;0;0;150000.0;;1955;Teil- oder vollrenovierungsbedürftig;1;0;0;JA;1955;;;;
wohnen;kauf;haus;0;97877;Wertheim;;161.0;940.0;5.0;0;0;0;382900.0;;2021;Projektiert;0;0;0;NEIN;2021;;;;
wohnen;kauf;haus;0;97877;Wertheim;;161.0;940.0;5.0;0;0;0;372800.0;;2021;;0;0;0;NEIN;2021;;;;
wohnen;kauf;haus;0;97999;Igersheim;;200.0;880.0;7.0;0;0;0;495000.0;;1985;;1;1;0;JA;1985;;;;
wohnen;kauf;haus;0;97353;Wiesentheid;;150.0;340.0;4.0;2;1;0;239000.0;;1601;Altbau;0;1;1;JA;1601;;;;
wohnen;kauf;haus;0;97509;Kolitzheim;;100.0;1198.0;4.0;0;0;0;219000.0;;;Teil- oder vollrenovierungsbedürftig;2;0;1;JA;;;;;
wohnen;kauf;haus;0;97440;Werneck;;113.77;290.0;4.0;0;0;0;470000.0;;2021;Erstbezug;2;0;1;NEIN;2020;;;;
wohnen;kauf;haus;0;97440;Werneck;;162.2;290.0;6.0;0;0;0;545000.0;;2021;Erstbezug;3;1;0;JA;2020;;;;
wohnen;kauf;haus;0;97440;Werneck;;128.82;290.0;4.0;0;0;0;495000.0;;2021;Erstbezug;3;0;1;JA;2020;;;;
wohnen;kauf;haus;0;97440;Werneck;;155.72;290.0;5.0;0;0;0;535000.0;;2021;Erstbezug;3;0;1;JA;2020;;;;
wohnen;kauf;haus;0;97534;Waigolshausen;;212.88;290.0;8.0;0;0;0;225000.0;;1958;;0;0;0;JA;2017;;;;
wohnen;kauf;haus;0;97990;Weikersheim;;164.0;605.0;5.0;0;0;0;319500.0;;;Erstbezug;2;0;0;NEIN;2020;;;;
wohnen;kauf;haus;0;97215;Uffenheim;;130.0;510.0;6.0;0;0;0;315000.0;;1650;;0;0;0;NEIN;1650;;;;
wohnen;kauf;haus;0;97215;Uffenheim;;470.0;344.0;20.0;5;3;0;470000.0;;1962;;0;1;0;NEIN;1962;;;;
wohnen;kauf;haus;0;97953;Königheim;;232.0;293.0;8.0;0;0;0;250000.0;;1985;Teil- oder vollrenoviert;0;0;0;NEIN;1985;;;;
wohnen;kauf;haus;0;Bad;Mergentheim;;211.0;535.0;8.0;0;1;0;450000.0;;1959;Teil- oder vollrenoviert;2;0;0;JA;1959;;;;
wohnen;kauf;haus;0;97215;Uffenheim;;150.0;465.0;7.0;0;0;0;280000.0;;1980;;0;0;0;NEIN;1980;;;;
wohnen;kauf;haus;0;97215;Uffenheim;;136.0;199.0;5.5;4;1;0;379900.0;;2022;Erstbezug;0;0;0;NEIN;2022;;;;
wohnen;kauf;haus;0;97215;Uffenheim;;136.0;403.0;5.5;4;1;0;419900.0;;2022;Erstbezug;0;0;0;NEIN;2022;;;;
wohnen;kauf;haus;0;97215;Uffenheim;;175.0;663.0;11.0;0;0;0;249000.0;;1975;Teil- oder vollrenovierungsbedürftig;0;0;0;JA;2000;;;;
wohnen;kauf;haus;0;Bad;Mergentheim;;410.0;1064.0;12.0;0;0;0;;;1936;Altbau;0;1;1;JA;1936;;;;
wohnen;kauf;haus;0;97215;Uffenheim;;0;550.0;0;0;0;0;195000.0;;1994;;0;0;0;NEIN;1995;;;;
wohnen;kauf;haus;0;97892;Kreuzwertheim;;640.0;1940.0;8.0;0;0;0;479000.0;;;;1;0;1;JA;1968;;;;
wohnen;kauf;haus;0;97776;Eußenheim;;170.0;271.0;6.0;0;2;0;149000.0;;1966;Teil- oder vollrenovierungsbedürftig;0;1;0;JA;1966;;;;
wohnen;kauf;haus;0;97877;Wertheim;;135.0;615.0;5.0;0;0;0;389000.0;;2019;Projektiert;2;0;0;JA;2019;;;;
wohnen;kauf;haus;0;97776;Eußenheim;;144.0;720.0;5.0;0;0;0;297300.0;;;Projektiert;0;0;0;NEIN;;;;;
wohnen;kauf;haus;0;97877;Wertheim;;287.0;796.0;10.0;0;0;0;549000.0;;1966;;4;0;0;NEIN;1966;;;;
wohnen;kauf;haus;0;97828;Marktheidenfeld;;134.0;395.0;4.0;0;0;0;259000.0;;;Projektiert;0;0;0;NEIN;;;;;
wohnen;kauf;haus;0;Bad;Mergentheim;;0;0;0;0;0;0;550000.0;;1967;;0;0;0;NEIN;1967;;;;
wohnen;kauf;haus;0;97509;Kolitzheim;;300.0;850.0;10.0;0;0;0;299000.0;;;Teil- oder vollrenovierungsbedürftig;3;0;1;JA;;;;;
wohnen;kauf;haus;0;97990;Weikersheim;;348.0;1375.0;16.0;0;0;0;195000.0;;1900;;0;0;0;NEIN;1900;;;;
wohnen;kauf;haus;0;97828;Marktheidenfeld;;134.0;568.0;4.0;0;0;0;326000.0;;;Projektiert;0;0;0;JA;;;;;
wohnen;kauf;haus;0;Bad;Mergentheim;;134.0;0;4.0;0;0;0;228000.0;;2021;Projektiert;0;0;0;NEIN;2021;;;;
wohnen;kauf;haus;0;97447;Frankenwinheim;;150.0;872.0;4.0;0;0;0;289000.0;;2021;Projektiert;0;0;0;NEIN;2021;;;;
wohnen;kauf;haus;0;97447;Frankenwinheim;;125.0;872.0;4.0;0;0;0;273000.0;;2021;Projektiert;0;0;0;NEIN;2021;;;;
wohnen;kauf;haus;0;97877;Wertheim;;280.0;736.0;10.0;0;0;0;;;1996;;0;0;1;NEIN;1996;;;;
wohnen;kauf;haus;0;97828;Marktheidenfeld;;290.0;724.0;9.0;4;2;0;737000.0;;2012;Neuwertig;0;0;0;NEIN;2013;;;;
wohnen;kauf;haus;0;Bad;Mergentheim;;83.03;366.0;4.0;0;0;0;250000.0;;1930;;0;0;0;NEIN;1930;;;;
wohnen;kauf;haus;0;97776;Eußenheim;;210.0;2998.0;8.0;0;0;0;638000.0;;1970;;0;1;0;JA;1970;;;;
wohnen;kauf;haus;0;97851;Rothenfels;;150.0;1060.0;5.5;0;0;0;318000.0;;;Projektiert;0;0;0;NEIN;;;;;
wohnen;kauf;haus;0;Bad;Mergentheim;;364.0;699.0;6.0;0;0;0;749000.0;;1973;Teil- oder vollsaniert;2;0;1;JA;1973;;;;
wohnen;kauf;haus;0;97877;Wertheim;;134.0;797.0;4.0;0;0;0;279000.0;;2019;Projektiert;0;0;0;NEIN;2019;;;;
wohnen;kauf;haus;0;Bad;Mergentheim;;140.0;358.0;7.0;0;0;0;338000.0;;1972;;3;1;1;NEIN;1972;;;;
wohnen;kauf;haus;0;97944;Boxberg;;90.0;422.0;4.0;0;0;0;29000.0;;;Abrissobjekt;0;0;0;NEIN;;;;;
wohnen;kauf;haus;1;97993;Creglingen;;0;0;0;0;0;0;;;;Neubau;0;0;0;NEIN;;;;;
wohnen;kauf;haus;0;97854;Steinfeld;;100.0;739.0;11.0;0;0;0;160000.0;;1900;;0;0;0;NEIN;1900;;;;
wohnen;kauf;haus;1;97877;Wertheim;;137.0;637.0;5.0;0;0;0;549000.0;;2019;Neubau;0;0;1;JA;2019;;;;
wohnen;kauf;haus;0;97877;Wertheim;;129.0;710.0;5.0;0;0;0;304000.0;;2021;Projektiert;0;0;0;NEIN;2021;;;;
wohnen;kauf;haus;0;97877;Wertheim;;134.0;483.0;5.0;0;0;0;268000.0;;2021;Projektiert;0;0;0;NEIN;2021;;;;
wohnen;kauf;haus;0;97440;Werneck;;131.0;0;0;0;0;0;;;;;0;0;0;JA;;;;;
wohnen;kauf;haus;0;97900;Külsheim;;178.0;597.0;5.0;3;2;0;245000.0;;1981;Teil- oder vollrenovierungsbedürftig;0;0;1;JA;1981;;;;
wohnen;kauf;haus;0;97851;Rothenfels;;135.0;715.0;5.0;0;0;0;342000.0;;;Projektiert;2;0;0;JA;;;;;
wohnen;kauf;haus;0;97440;Werneck;;595.0;1389.0;0;0;0;0;850000.0;;2007;;0;0;0;NEIN;2007;;;;
wohnen;kauf;haus;0;97877;Wertheim;;300.0;240.0;10.0;0;0;0;228000.0;;1530;;0;0;0;JA;1992;;;;
wohnen;kauf;haus;0;97877;Wertheim;;740.0;440.0;15.0;0;0;0;669000.0;;1978;Teil- oder vollrenovierungsbedürftig;0;1;0;NEIN;1978;;;;
wohnen;kauf;haus;0;97892;Kreuzwertheim;;0;0;0;0;0;0;344000.0;;;;3;0;0;NEIN;1961;;;;
wohnen;kauf;haus;0;97892;Kreuzwertheim;;176.0;0;7.0;0;0;0;344000.0;;;;3;0;0;NEIN;1961;;;;
wohnen;kauf;haus;0;97509;Kolitzheim;;144.6;574.0;5.0;0;0;0;450000.0;;1994;;2;0;0;NEIN;2020;;;;
wohnen;kauf;haus;0;Bad;Mergentheim;;184.0;1966.0;0;0;0;0;;;1931;;0;0;0;NEIN;1931;;;;
wohnen;kauf;haus;0;97450;Arnstein;;131.0;0;0;0;0;0;;;;Projektiert;0;0;0;JA;;;;;
wohnen;kauf;haus;0;97776;Eußenheim;;146.0;625.0;4.0;0;0;0;289900.0;;;Projektiert;0;0;0;NEIN;;;;;
wohnen;kauf;haus;0;97450;Arnstein;;140.0;908.0;6.0;0;0;0;150000.0;;1964;;0;0;0;JA;1990;;;;
wohnen;kauf;haus;0;97440;Werneck;;150.0;384.0;6.0;0;0;0;;;1956;;0;0;0;NEIN;1956;;;;
wohnen;kauf;haus;0;97900;Külsheim;;220.0;448.0;5.0;0;0;0;;;2000;Rohbau/Im Bau;0;1;0;NEIN;2000;;;;
wohnen;kauf;haus;0;97877;Wertheim;;133.0;483.0;4.0;0;0;0;286000.0;;2021;Projektiert;0;0;1;NEIN;2021;;;;
wohnen;kauf;haus;0;97877;Wertheim;;110.0;483.0;4.0;0;0;0;240000.0;;2021;Projektiert;0;0;0;NEIN;2021;;;;
wohnen;kauf;haus;0;97877;Wertheim;;150.0;483.0;5.0;0;0;0;294000.0;;2021;Projektiert;0;0;0;NEIN;2021;;;;
wohnen;kauf;haus;0;97877;Wertheim;;122.0;483.0;4.0;0;0;0;265000.0;;2021;Projektiert;0;0;0;NEIN;2021;;;;
wohnen;kauf;haus;0;97447;Gerolzhofen;;131.0;0;0;0;0;0;;;;Projektiert;0;0;0;JA;;;;;
wohnen;kauf;haus;0;97509;Kolitzheim;;93.0;1578.0;0;0;0;0;121000.0;;;;0;0;0;NEIN;;;;;
wohnen;kauf;haus;0;97509;Kolitzheim;;93.0;1578.0;0;0;0;0;121000.0;;1929;;0;0;0;NEIN;1929;;;;
wohnen;kauf;haus;0;97509;Kolitzheim;;93.0;1578.0;0;0;0;0;121000.0;;1929;;0;0;0;JA;1929;;;;
wohnen;kauf;haus;0;97877;Wertheim;;185.38;566.0;8.0;7;1;0;400000.0;;1978;;0;0;1;JA;1978;;;;
wohnen;kauf;haus;0;97753;Karlstadt;;375.0;3500.0;10.0;6;3;0;985000.0;;1997;;0;1;0;NEIN;1997;;;;
wohnen;kauf;haus;0;97840;Hafenlohr;;120.0;400.0;4.0;3;1;0;120000.0;;18;Teil- oder vollrenovierungsbedürftig;0;0;1;JA;18;;;;
wohnen;kauf;haus;0;97753;Karlstadt;;131.0;0;0;0;0;0;;;;Projektiert;0;0;0;JA;;;;;
wohnen;kauf;haus;0;97493;Bergrheinfeld;;131.0;0;0;0;0;0;;;;Projektiert;0;0;0;JA;;;;;
wohnen;kauf;haus;0;97447;Gerolzhofen;;180.0;1200.0;8.0;0;0;0;463000.0;;1978;;0;0;1;JA;1978;;;;
wohnen;kauf;haus;0;97753;Karlstadt;;252.66;1037.0;8.0;0;1;0;529000.0;;1977;;2;1;1;JA;1977;;;;
wohnen;kauf;haus;0;97993;Creglingen;;144.0;685.0;5.0;0;0;0;286990.0;;;Erstbezug;2;0;0;NEIN;2020;;;;
wohnen;kauf;haus;0;97993;Creglingen;;140.0;583.0;5.0;3;1;0;322000.0;;;Projektiert;0;0;0;NEIN;;;;;
wohnen;kauf;haus;0;97440;Werneck;;200.0;580.0;6.0;0;0;0;499000.0;;1980;;0;0;0;NEIN;1980;;;;
wohnen;kauf;haus;0;97447;Gerolzhofen;;150.01;250.0;4.0;2;1;0;;;1811;;0;0;0;NEIN;1811;;;;
wohnen;kauf;haus;0;97506;Grafenrheinfeld;;231.0;653.0;5.0;0;0;0;619000.0;;1995;;0;1;1;JA;1995;;;;
wohnen;kauf;haus;0;97839;Esselbach;;109.0;660.0;4.0;0;0;0;249000.0;;2021;Projektiert;0;0;0;NEIN;2021;;;;
wohnen;kauf;haus;0;97839;Esselbach;;130.0;660.0;5.0;0;0;0;291000.0;;2021;Projektiert;0;0;0;NEIN;2021;;;;
wohnen;kauf;haus;0;97447;Gerolzhofen;;305.0;1190.0;11.0;0;2;0;699000.0;;1900;Neuwertig;0;0;0;NEIN;1900;;;;
wohnen;kauf;haus;0;97944;Boxberg;;125.0;347.0;5.0;0;0;0;114000.0;;1930;;0;1;0;NEIN;1930;;;;
wohnen;kauf;haus;0;74736;Hardheim;;141.0;900.0;6.0;3;1;0;160000.0;;1920;Teil- oder vollrenovierungsbedürftig;0;0;1;JA;1920;;;;
wohnen;kauf;haus;0;97506;Grafenrheinfeld;;265.0;655.0;8.0;5;2;0;1400000.0;;2019;Neuwertig;0;1;1;NEIN;2019;;;;
wohnen;kauf;haus;0;97447;Gerolzhofen;;180.0;1200.0;8.0;0;1;0;463000.0;;1978;;0;0;1;JA;1978;;;;
wohnen;kauf;haus;0;97506;Grafenrheinfeld;;263.6;424.0;9.0;0;0;0;429000.0;;1973;;0;1;1;NEIN;1972;;;;
wohnen;kauf;haus;0;91483;Oberscheinfeld;;446.0;328.0;13.0;0;0;0;289000.0;;;Teil- oder vollrenovierungsbedürftig;3;1;0;JA;;;;;
wohnen;kauf;haus;0;97493;Bergrheinfeld;;201.0;387.0;7.0;0;2;0;369500.0;;1958;Teil- oder vollrenoviert;0;1;1;JA;1958;;;;
wohnen;kauf;haus;0;97447;Gerolzhofen;;134.0;0;4.0;0;0;0;219000.0;;;Projektiert;0;0;0;NEIN;;;;;
wohnen;kauf;haus;0;97447;Gerolzhofen;;170.0;0;6.0;0;0;0;249000.0;;;Projektiert;0;0;0;NEIN;;;;;
wohnen;kauf;haus;0;97996;Niederstetten;;144.0;652.0;5.0;0;0;0;271990.0;;;Erstbezug;2;0;1;NEIN;2020;;;;
wohnen;kauf;haus;0;97877;Wertheim;;187.0;505.0;5.0;0;2;0;179000.0;;1969;;0;0;0;JA;1969;;;;
wohnen;kauf;haus;0;97516;Oberschwarzach;;140.0;700.0;5.0;3;1;0;302000.0;;;Projektiert;0;0;0;NEIN;;;;;
wohnen;kauf;haus;0;97516;Oberschwarzach;;197.0;696.0;5.5;3;2;0;418000.0;;;Projektiert;0;0;0;NEIN;;;;;
wohnen;kauf;haus;0;97993;Creglingen;;158.0;545.0;6.0;0;1;0;295000.0;;1830;Altbau;0;0;1;JA;1830;;;;
wohnen;kauf;haus;0;97516;Oberschwarzach;;245.0;770.0;10.0;0;0;0;;;1943;Altbau;2;0;0;JA;1943;;;;
wohnen;kauf;haus;0;97516;Oberschwarzach;;143.0;985.0;6.0;4;2;0;149000.0;;;Teil- oder vollrenoviert;0;0;0;JA;;;;;
wohnen;kauf;haus;0;97516;Oberschwarzach;;270.0;918.0;7.0;4;2;0;475000.0;;1981;;0;1;1;JA;1981;;;;
wohnen;kauf;haus;0;97525;Schwebheim;;287.3;799.0;0;0;1;0;498000.0;;;;3;1;1;JA;1971;;;;
wohnen;kauf;haus;0;97525;Schwebheim;;110.0;429.0;5.0;0;0;0;298000.0;;1962;;0;0;0;NEIN;1962;;;;
wohnen;kauf;haus;0;97900;Külsheim;;173.0;731.0;5.0;0;0;0;472276.0;;;;0;0;0;NEIN;;;;;
wohnen;kauf;haus;0;97953;Königheim;;380.0;2900.0;10.0;0;0;0;360000.0;;;;0;0;0;NEIN;;;;;
wohnen;kauf;haus;0;97816;Lohr;;130.0;800.0;4.0;0;0;0;419190.0;;;Projektiert;0;0;0;JA;;;;;
wohnen;kauf;haus;0;97816;Lohr;;129.0;800.0;4.0;0;0;0;517737.0;;;Projektiert;0;0;0;JA;;;;;
wohnen;kauf;haus;0;97907;Hasloch;;170.0;0;6.0;0;0;0;329000.0;;2020;Projektiert;0;0;0;NEIN;2020;;;;
wohnen;kauf;haus;0;97907;Hasloch;;134.0;547.0;4.0;0;0;0;307000.0;;2020;Projektiert;0;0;0;NEIN;2020;;;;
wohnen;kauf;haus;0;97525;Schwebheim;;163.0;376.0;5.0;3;2;0;399000.0;;1978;Neuwertig;3;1;1;JA;1978;;;;
wohnen;kauf;haus;0;97525;Schwebheim;;210.0;869.0;9.0;0;4;0;598000.0;;1959;Neuwertig;0;1;1;JA;1959;;;;
wohnen;kauf;haus;0;97497;Dingolshausen;;169.0;599.0;7.0;0;0;0;369000.0;;1995;;0;0;0;JA;1995;;;;
wohnen;kauf;haus;0;91587;Adelshofen;;144.0;692.0;5.0;0;0;0;259990.0;;;Erstbezug;2;0;0;NEIN;2021;;;;
wohnen;kauf;haus;0;91587;Adelshofen;;142.0;815.0;4.0;0;0;0;263990.0;;;Erstbezug;2;0;0;NEIN;2021;;;;
wohnen;kauf;haus;0;97525;Schwebheim;;106.93;615.0;4.0;2;2;0;425000.0;;1990;Teil- oder vollrenoviert;0;0;1;JA;1990;;;;
wohnen;kauf;haus;0;91443;Scheinfeld;;120.0;668.0;5.0;3;2;0;545000.0;;2019;Neuwertig;0;0;1;NEIN;2019;;;;
wohnen;kauf;haus;0;97737;Gemünden;;131.0;0;0;0;0;0;;;;Projektiert;0;0;0;JA;;;;;
wohnen;kauf;haus;0;97737;Gemünden;;0;3308.0;0;0;0;0;87500.0;;;;0;0;0;NEIN;;;;;
wohnen;kauf;haus;0;97944;Boxberg;;50.0;239.0;3.0;0;0;0;57000.0;;;;0;0;1;NEIN;1824;;;;
wohnen;kauf;haus;0;97944;Boxberg;;140.0;628.0;5.0;3;1;0;311500.0;;;Projektiert;0;0;0;NEIN;;;;;
wohnen;kauf;haus;0;97529;Sulzheim;;159.0;661.0;6.0;0;0;0;372000.0;;2010;;0;0;1;JA;2010;;;;
wohnen;kauf;haus;0;97529;Sulzheim;;374.0;1670.0;9.0;0;0;0;529000.0;;;Entkernt;0;0;0;NEIN;1890;;;;
wohnen;kauf;haus;0;96160;Geiselwind;;0;1486.0;0;0;0;0;120000.0;;;Teil- oder vollrenovierungsbedürftig;0;0;0;NEIN;;;;;
wohnen;kauf;haus;0;96160;Geiselwind;;87.0;153.0;3.5;0;1;0;198500.0;;1965;Teil- oder vollsaniert;2;0;0;JA;1965;;;;
wohnen;kauf;haus;0;97852;Schollbrunn;;0;0;0;0;0;0;398000.0;;1967;;0;0;0;NEIN;1967;;;;
wohnen;kauf;haus;0;74736;Hardheim;;134.0;251.0;5.5;4;1;0;399900.0;;2021;Erstbezug;0;0;0;NEIN;2021;;;;
wohnen;kauf;haus;0;74736;Hardheim;;134.0;342.0;5.5;4;1;0;429900.0;;2021;Erstbezug;0;0;0;NEIN;2021;;;;
wohnen;kauf;haus;0;74736;Hardheim;;134.0;444.0;5.5;4;1;0;439900.0;;2021;Erstbezug;0;0;0;NEIN;2021;;;;
wohnen;kauf;haus;0;74736;Hardheim;;134.0;228.0;5.5;4;1;0;389900.0;;2021;Erstbezug;0;0;0;NEIN;2021;;;;
wohnen;kauf;haus;0;91443;Scheinfeld;;0;510.0;0;0;0;0;359000.0;;;;0;0;1;JA;;;;;
wohnen;kauf;haus;0;91443;Scheinfeld;;240.0;1300.0;7.0;4;2;0;398000.0;;1986;;0;1;1;JA;1986;;;;
wohnen;kauf;haus;0;96160;Geiselwind;;127.0;665.0;6.0;3;1;0;368000.0;;1980;;0;1;1;JA;1980;;;;
wohnen;kauf;haus;0;97996;Niederstetten;;230.0;111.0;8.0;0;0;0;180000.0;;1900;;0;0;1;JA;1900;;;;
wohnen;kauf;haus;0;97424;Schweinfurt;;170.0;145.0;6.0;0;2;0;527000.0;;2020;Erstbezug;0;1;1;JA;2020;;;;
wohnen;kauf;haus;0;97424;Schweinfurt;;125.0;425.0;5.0;3;2;0;349900.0;;1950;;0;1;1;JA;1950;;;;
wohnen;kauf;haus;0;91443;Scheinfeld;;991.07;2973.0;24.0;0;0;0;615500.0;;1900;Altbau;0;0;0;NEIN;1900;;;;
wohnen;kauf;haus;0;97996;Niederstetten;;140.0;517.0;5.0;3;1;0;309200.0;;;Projektiert;0;0;0;NEIN;;;;;
wohnen;kauf;haus;0;97497;Dingolshausen;;130.0;654.0;5.0;0;0;0;293000.0;;2021;Projektiert;0;0;0;NEIN;2021;;;;
wohnen;kauf;haus;0;97497;Dingolshausen;;109.0;654.0;4.0;0;0;0;260000.0;;2021;Projektiert;0;0;0;NEIN;2021;;;;
wohnen;kauf;haus;0;97737;Gemünden;;134.0;751.0;4.0;0;0;0;259000.0;;;Projektiert;0;0;0;NEIN;;;;;
wohnen;kauf;haus;0;97996;Niederstetten;;0;0;2.0;0;0;0;89000.0;;2010;;0;0;0;NEIN;2010;;;;
wohnen;kauf;haus;0;97508;Grettstadt;;161.7;797.0;6.0;0;0;0;350000.0;;1967;;2;1;1;JA;1967;;;;
wohnen;kauf;haus;0;97737;Gemünden;;135.0;903.0;6.0;0;0;0;294000.0;;;Projektiert;2;0;0;NEIN;;;;;
wohnen;kauf;haus;0;97529;Sulzheim;;330.0;4500.0;10.0;0;0;0;570000.0;;;;3;1;0;JA;;;;;
wohnen;kauf;haus;0;74736;Hardheim;;800.0;1116.0;31.0;2;2;0;549000.0;;1967;;0;1;0;JA;1967;;;;
wohnen;kauf;haus;0;74736;Hardheim;;136.0;875.0;5.0;3;1;0;300000.0;;1920;Teil- oder vollrenovierungsbedürftig;0;0;0;NEIN;1920;;;;
wohnen;kauf;haus;0;97996;Niederstetten;;110.0;303.0;5.5;0;0;0;210000.0;;1964;;0;1;1;NEIN;1964;;;;
wohnen;kauf;haus;0;74736;Hardheim;;110.0;469.0;7.0;6;1;0;28000.0;;1974;;0;0;0;NEIN;1974;;;;
wohnen;kauf;haus;0;74736;Hardheim;;120.0;914.0;5.0;4;3;0;85000.0;;1800;;0;0;0;NEIN;1800;;;;
wohnen;kauf;haus;0;96157;Ebrach;;370.0;8552.0;9.0;0;0;0;1950000.0;;1850;;0;0;0;NEIN;1850;;;;
wohnen;kauf;haus;0;97502;Euerbach;;110.0;310.0;0;0;0;0;;;;Projektiert;0;0;0;JA;;;;;
wohnen;kauf;haus;0;91628;Steinsfeld;;134.0;725.0;4.0;0;0;0;256990.0;;;Erstbezug;2;0;0;NEIN;2021;;;;
wohnen;kauf;haus;0;91628;Steinsfeld;;140.0;842.0;5.0;3;1;0;307500.0;;;Projektiert;0;0;0;NEIN;;;;;
wohnen;kauf;haus;0;97737;Gemünden;;170.0;735.0;6.0;0;0;0;340000.0;;1975;;3;0;0;NEIN;1975;;;;
wohnen;kauf;haus;0;97513;Michelau;;203.0;790.0;8.5;3;1;0;388900.0;;;Projektiert;0;0;0;NEIN;;;;;
wohnen;kauf;haus;0;97816;Lohr;;218.71;0;4.0;0;0;0;295000.0;;1910;;0;0;0;NEIN;1910;;;;
wohnen;kauf;haus;0;97737;Gemünden;;270.0;2233.0;11.0;0;0;0;320000.0;;1907;;5;1;1;NEIN;1907;;;;
wohnen;kauf;haus;0;97469;Gochsheim;;80.0;249.0;2.0;0;0;0;79000.0;;1930;Teil- oder vollrenovierungsbedürftig;2;0;0;NEIN;1965;;;;
wohnen;kauf;haus;0;97421;Schweinfurt;;700.0;0;0;0;0;0;;;1905;Neuwertig;0;0;0;JA;1905;;;;
wohnen;kauf;haus;0;97909;Stadtprozelten;;100.0;110.0;6.0;2;1;0;129900.0;;1850;;0;0;1;NEIN;2013;;;;
wohnen;kauf;haus;0;97421;Schweinfurt;;342.37;240.0;12.0;0;0;0;795000.0;;1972;;0;0;0;JA;1972;;;;
wohnen;kauf;haus;0;97909;Stadtprozelten;;71.0;50.0;4.0;0;0;0;65000.0;;1900;;0;0;0;NEIN;1900;;;;
wohnen;kauf;haus;0;97469;Gochsheim;;173.0;700.0;5.0;4;2;0;515000.0;;2021;Projektiert;0;0;0;NEIN;2021;;;;
wohnen;kauf;haus;0;97727;Fuchsstadt;;0;580.0;0;0;0;0;200000.0;;;;0;0;0;NEIN;;;;;
wohnen;kauf;haus;0;97959;Assamstadt;;179.0;1447.0;7.0;3;2;0;;;2016;Neuwertig;0;0;1;NEIN;2016;;;;
wohnen;kauf;haus;0;97499;Donnersdorf;;144.0;659.0;5.0;0;0;0;283000.0;;2020;Projektiert;0;0;0;NEIN;2020;;;;
wohnen;kauf;haus;0;97499;Donnersdorf;;150.0;659.0;5.0;0;0;0;290000.0;;2021;Projektiert;0;0;0;NEIN;2021;;;;
wohnen;kauf;haus;0;97421;Schweinfurt;;234.0;335.0;5.0;2;3;0;897000.0;;2017;Neuwertig;0;1;1;NEIN;2016;;;;
wohnen;kauf;haus;0;97421;Schweinfurt;;234.0;335.0;5.0;2;3;0;897000.0;;2017;Neuwertig;0;1;1;NEIN;2017;;;;
wohnen;kauf;haus;1;97526;Sennfeld;;180.0;800.0;4.0;0;0;0;298500.0;;1982;Neubau;0;1;1;NEIN;1982;;;;
wohnen;kauf;haus;0;97424;Schweinfurt;;104.0;507.0;3.0;2;1;0;320000.0;;1994;;0;0;0;NEIN;1994;;;;
wohnen;kauf;haus;0;97469;Gochsheim;;154.0;700.0;5.0;0;0;0;530000.0;;;Erstbezug;0;0;0;NEIN;;;;;
wohnen;kauf;haus;0;97737;Gemünden;;151.0;680.0;4.0;0;0;0;303500.0;;;Projektiert;0;0;0;NEIN;;;;;
wohnen;kauf;haus;0;97464;Niederwerrn;;295.0;590.0;11.0;0;0;0;599000.0;;1991;;2;0;0;NEIN;1991;;;;
wohnen;kauf;haus;0;96157;Ebrach;;0;1692.0;0;0;0;0;280000.0;;;;0;0;0;NEIN;1952;;;;
wohnen;kauf;haus;0;96157;Ebrach;;0;1692.0;0;0;0;0;280000.0;;;;0;0;0;NEIN;1952;;;;
wohnen;kauf;haus;0;97737;Gemünden;;170.0;725.0;6.5;0;0;0;240000.0;;1992;;0;0;0;NEIN;1992;;;;
wohnen;kauf;haus;0;97816;Lohr;;120.0;873.0;5.0;0;0;0;325000.0;;;Altbau;2;0;1;JA;;;;;
wohnen;kauf;haus;0;91628;Steinsfeld;;170.0;900.0;5.0;4;1;0;475000.0;;2021;Projektiert;0;0;0;JA;2021;;;;
wohnen;kauf;haus;0;97816;Lohr;;91.0;385.0;4.0;0;0;0;239000.0;;1959;Teil- oder vollrenoviert;0;1;1;JA;1960;;;;
wohnen;kauf;haus;0;97464;Niederwerrn;;168.0;968.0;5.0;3;2;0;623000.0;;1987;;0;1;1;JA;1987;;;;
wohnen;kauf;haus;0;97737;Gemünden;;104.0;766.0;5.0;0;0;0;279000.0;;2015;Neuwertig;1;0;1;NEIN;2015;;;;
wohnen;kauf;haus;0;97816;Lohr;;134.0;508.0;4.0;0;0;0;346000.0;;;Projektiert;0;0;0;JA;;;;;
wohnen;kauf;haus;0;97737;Gemünden;;526.0;15864.0;0;0;0;0;1595000.0;;1610;Teil- oder vollsaniert;0;0;1;NEIN;1990;;;;
wohnen;kauf;haus;0;97422;Schweinfurt;;106.0;513.0;4.5;0;0;0;315000.0;;1905;Altbau;2;0;1;JA;1905;;;;
wohnen;kauf;haus;0;96157;Ebrach;;105.0;770.0;4.0;2;1;0;268795.0;;2021;Projektiert;0;0;0;NEIN;2021;;;;
wohnen;kauf;haus;0;96157;Ebrach;;125.0;620.0;4.0;3;1;0;308000.0;;;Projektiert;0;0;0;NEIN;;;;;
wohnen;kauf;haus;0;97944;Boxberg;;432.0;567.0;16.0;0;0;0;327000.0;;1805;Altbau;0;0;0;NEIN;1805;;;;
wohnen;kauf;haus;0;96157;Ebrach;;154.0;770.0;5.0;2;1;0;314500.0;;2021;Projektiert;0;0;0;NEIN;2021;;;;
wohnen;kauf;haus;0;97737;Gemünden;;134.0;512.0;4.0;0;0;0;288000.0;;;Projektiert;0;0;0;JA;;;;;
wohnen;kauf;haus;0;96157;Ebrach;;154.0;900.0;5.0;2;1;0;321000.0;;2021;Projektiert;0;0;0;NEIN;2021;;;;
wohnen;kauf;haus;0;63930;Neunkirchen;;234.0;1899.0;0;0;0;0;369000.0;;2002;;0;0;0;NEIN;2002;;;;
wohnen;kauf;haus;0;97944;Boxberg;;168.0;1079.0;6.0;0;0;0;278000.0;;1980;;0;1;1;NEIN;1980;;;;
wohnen;kauf;haus;0;97737;Gemünden;;170.0;1115.0;6.0;0;0;0;407000.0;;;Projektiert;0;0;0;JA;;;;;
wohnen;kauf;haus;0;96157;Ebrach;;150.0;130.0;5.0;0;0;0;39000.0;;;;2;0;0;JA;;;;;
wohnen;kauf;haus;0;97727;Fuchsstadt;;380.0;536.0;15.0;0;0;0;379000.0;;1938;;0;0;0;NEIN;1938;;;;
wohnen;kauf;haus;0;97737;Gemünden;;120.0;776.0;4.5;0;0;0;320000.0;;1989;Teil- oder vollrenoviert;0;0;1;JA;1989;;;;
wohnen;kauf;haus;0;97737;Gemünden;;186.0;2229.0;7.0;0;0;0;306000.0;;1990;;2;1;1;NEIN;1990;;;;
wohnen;kauf;haus;0;97490;Poppenhausen;;220.0;680.0;7.0;3;2;0;250000.0;;1901;;0;0;1;JA;1901;;;;
wohnen;kauf;haus;0;97490;Poppenhausen;;210.0;680.0;8.0;8;1;0;249900.0;;1900;;0;0;0;NEIN;1900;;;;
wohnen;kauf;haus;0;97490;Poppenhausen;;210.0;680.0;7.0;0;0;0;235000.0;;1900;;0;0;0;JA;1900;;;;
wohnen;kauf;haus;0;97422;Schweinfurt;;170.0;934.0;6.0;0;0;0;593000.0;;;Projektiert;0;0;0;NEIN;;;;;
wohnen;kauf;haus;0;74746;Höpfingen;;140.0;395.0;5.0;3;1;0;280000.0;;;Projektiert;0;0;0;NEIN;;;;;
wohnen;kauf;haus;0;97422;Schweinfurt;;130.0;0;0;0;0;0;;;;;0;0;0;NEIN;;;;;
wohnen;kauf;haus;0;74746;Höpfingen;;143.0;550.0;6.0;0;0;0;335000.0;;;;0;0;0;NEIN;;;;;
wohnen;kauf;haus;0;97904;Dorfprozelten;;0;5611.0;0;0;0;0;490000.0;;1955;;0;0;0;NEIN;1955;;;;
wohnen;kauf;haus;0;74746;Höpfingen;;204.42;1108.0;8.0;4;2;0;315000.0;;1913;;0;0;1;JA;1913;;;;
wohnen;kauf;haus;0;97896;Freudenberg;;140.0;669.0;5.0;3;1;0;339700.0;;;Projektiert;0;0;0;NEIN;;;;;
wohnen;kauf;haus;0;97727;Fuchsstadt;;120.0;580.0;6.0;0;0;0;200000.0;;1999;;1;1;1;JA;1999;;;;
wohnen;kauf;haus;0;97727;Fuchsstadt;;0;580.0;0;0;0;0;200000.0;;1999;;0;0;0;JA;1999;;;;
wohnen;kauf;haus;0;97727;Fuchsstadt;;0;580.0;6.0;0;0;0;200000.0;;1999;;0;0;0;JA;1999;;;;
wohnen;kauf;haus;0;97422;Schweinfurt;;182.56;1076.0;0;0;0;0;300000.0;;;;0;0;0;NEIN;;;;;
wohnen;kauf;haus;0;97944;Boxberg;;200.0;387.0;0;0;0;0;56000.0;;;Teil- oder vollrenovierungsbedürftig;0;1;0;NEIN;;;;;
wohnen;kauf;haus;0;97944;Boxberg;;200.0;387.0;0;0;0;0;56000.0;;1945;;0;0;0;JA;1945;;;;
wohnen;kauf;haus;0;97727;Fuchsstadt;;223.0;580.0;6.0;0;0;0;200000.0;;;;0;0;0;NEIN;;;;;
wohnen;kauf;haus;0;97737;Gemünden;;115.0;727.0;5.0;0;2;0;180000.0;;1936;Teil- oder vollrenovierungsbedürftig;2;1;0;JA;1936;;;;
wohnen;kauf;haus;0;Bad;Windsheim;;120.0;576.0;7.0;0;0;0;350000.0;;1965;;0;0;1;JA;1992;;;;
wohnen;kauf;haus;0;97526;Reichelshof;;120.0;0;0;0;0;0;35000.0;;2010;Neuwertig;2;0;0;NEIN;2010;;;;
wohnen;kauf;haus;0;97456;Dittelbrunn;;252.0;348.0;7.5;0;0;0;429000.0;;1978;;2;1;1;NEIN;2008;;;;
wohnen;kauf;haus;0;97456;Dittelbrunn;;147.0;384.0;5.0;1;2;0;399000.0;;1976;;0;1;1;JA;1976;;;;
wohnen;kauf;haus;0;Bad;Windsheim;;150.0;521.0;6.5;4;1;0;349000.0;;1966;;3;1;1;JA;1966;;;;
wohnen;kauf;haus;0;97422;Schweinfurt;;183.0;1076.0;6.0;0;0;0;300000.0;;;;0;0;0;NEIN;;;;;
wohnen;kauf;haus;0;91593;Burgbernheim;;130.0;338.0;5.0;0;0;0;419900.0;;2020;Erstbezug;2;0;1;NEIN;2020;;;;
wohnen;kauf;haus;0;97422;Schweinfurt;;184.0;700.0;5.0;4;2;0;520000.0;;2021;Projektiert;0;0;0;NEIN;2021;;;;
wohnen;kauf;haus;0;97422;Schweinfurt;;183.0;1076.0;0;0;0;0;300000.0;;1973;;0;0;0;JA;1973;;;;
wohnen;kauf;haus;0;97848;Rechtenbach;;240.0;2998.0;7.0;0;0;0;439000.0;;;;2;1;1;JA;;;;;
wohnen;kauf;haus;0;Bad;Windsheim;;150.0;521.0;5.0;3;1;0;349000.0;;1965;;0;0;0;JA;1965;;;;
wohnen;kauf;haus;0;74744;Ahorn;;120.0;647.0;4.5;3;1;0;499475.0;;2021;Erstbezug;0;0;0;NEIN;2021;;;;
wohnen;kauf;haus;0;74744;Ahorn;;100.0;647.0;6.0;0;0;0;110000.0;;1910;Teil- oder vollrenovierungsbedürftig;0;0;0;NEIN;1910;;;;
wohnen;kauf;haus;0;91541;Rothenburg;;134.0;721.0;4.0;0;0;0;238500.0;;;Erstbezug;2;0;1;NEIN;2021;;;;
wohnen;kauf;haus;0;91541;Rothenburg;;173.0;721.0;6.0;0;0;0;267500.0;;;Erstbezug;2;0;1;NEIN;2021;;;;
wohnen;kauf;haus;0;91541;Rothenburg;;144.0;721.0;4.0;0;0;0;257500.0;;;Erstbezug;2;0;1;NEIN;2021;;;;
wohnen;kauf;haus;0;91541;Rothenburg;;144.0;721.0;5.0;0;0;0;248500.0;;;Erstbezug;2;0;1;NEIN;2021;;;;
wohnen;kauf;haus;0;91541;Rothenburg;;144.0;721.0;4.0;0;0;0;257500.0;;;Erstbezug;2;0;1;NEIN;2021;;;;
wohnen;kauf;haus;0;97904;Dorfprozelten;;128.0;292.0;5.0;4;1;0;219000.0;;1922;;0;0;0;JA;1922;;;;
wohnen;kauf;haus;0;97499;Donnersdorf;;260.0;1370.0;5.0;4;1;0;250000.0;;1970;;0;1;0;NEIN;1970;;;;
wohnen;kauf;haus;0;97422;Schweinfurt;;131.0;0;0;0;0;0;;;;Projektiert;0;0;0;JA;;;;;
wohnen;kauf;haus;0;Bad;Windsheim;;120.0;276.0;5.0;1;2;0;249000.0;;1906;Teil- oder vollsaniert;0;0;1;JA;1906;;;;
wohnen;kauf;haus;0;97499;Donnersdorf;;275.0;2828.0;0;0;0;0;369000.0;;;;0;0;0;NEIN;;;;;
wohnen;kauf;haus;0;97503;Gädheim;;95.0;340.0;3.0;2;1;0;135000.0;;1938;Teil- oder vollrenovierungsbedürftig;0;1;0;JA;1938;;;;
wohnen;kauf;haus;0;74744;Ahorn;;150.0;799.0;5.0;0;0;0;269000.0;;;;0;1;1;JA;;;;;
wohnen;kauf;haus;0;Bad;Windsheim;;420.0;360.0;8.0;0;0;0;480000.0;;1900;Altbau;0;0;0;NEIN;2004;;;;
wohnen;kauf;haus;0;97848;Rechtenbach;;134.0;711.0;4.0;0;0;0;268000.0;;2021;Projektiert;0;0;0;NEIN;2021;;;;
wohnen;kauf;haus;0;97848;Rechtenbach;;170.0;711.0;6.0;0;0;0;381000.0;;2021;Projektiert;0;0;0;JA;2021;;;;
wohnen;kauf;haus;0;97422;Schweinfurt;;163.0;392.0;6.0;0;0;0;420000.0;;1978;Teil- oder vollrenovierungsbedürftig;0;1;1;JA;1979;;;;
wohnen;kauf;haus;0;97503;Gädheim;;145.0;420.0;4.0;0;0;0;234000.0;;1937;;0;0;0;JA;2007;;;;
wohnen;kauf;haus;0;Bad;Windsheim;;355.0;990.0;7.0;4;4;0;619000.0;;1800;;0;0;1;JA;1800;;;;
wohnen;kauf;haus;0;Bad;Windsheim;;450.0;300.0;8.0;0;0;0;465000.0;;1900;Teil- oder vollrenovierungsbedürftig;0;0;0;NEIN;1900;;;;
wohnen;kauf;haus;0;97848;Rechtenbach;;134.0;577.0;4.0;0;0;0;294000.0;;;Projektiert;0;0;0;JA;;;;;
wohnen;kauf;haus;0;74575;Schrozberg;;142.0;635.0;4.0;0;0;0;296500.0;;;Erstbezug;1;0;0;NEIN;2020;;;;
wohnen;kauf;haus;0;97762;Hammelburg;;151.0;755.0;5.0;0;0;0;353800.0;;;Projektiert;0;0;0;NEIN;;;;;
wohnen;kauf;haus;0;97848;Rechtenbach;;151.0;481.0;5.0;0;0;0;369300.0;;;Projektiert;0;0;0;NEIN;;;;;
wohnen;kauf;haus;0;Bad;Windsheim;;333.0;170.0;13.0;6;3;0;199000.0;;1426;Teil- oder vollrenovierungsbedürftig;0;0;0;NEIN;1426;;;;
wohnen;kauf;haus;0;Bad;Windsheim;;565.0;250.0;15.5;0;0;0;719500.0;;1751;;4;0;0;NEIN;1751;;;;
wohnen;kauf;haus;0;97453;Schonungen;;144.0;930.0;4.0;0;0;0;283488.0;;;Erstbezug;1;0;0;NEIN;;;;;
wohnen;kauf;haus;0;97490;Poppenhausen;;194.0;301.0;6.0;4;2;0;299000.0;;1966;;0;1;1;JA;1966;;;;
wohnen;kauf;haus;0;97422;Schweinfurt;;196.0;479.0;5.5;4;1;0;375000.0;;1976;Teil- oder vollrenovierungsbedürftig;0;1;1;NEIN;1976;;;;
wohnen;kauf;haus;0;Bad;Windsheim;;170.0;100.0;8.0;0;0;0;139000.0;;1580;Teil- oder vollrenovierungsbedürftig;0;0;0;NEIN;1580;;;;
wohnen;kauf;haus;0;91541;Rothenburg;;148.0;550.0;4.0;3;1;0;479000.0;;2021;Projektiert;0;0;0;NEIN;2021;;;;
wohnen;kauf;haus;0;91541;Rothenburg;;240.0;500.0;6.0;0;0;0;750000.0;;1999;;3;1;0;JA;1999;;;;
wohnen;kauf;haus;0;97453;Schonungen;;176.0;442.0;7.0;0;0;0;340000.0;;1970;;2;0;1;JA;1970;;;;
wohnen;kauf;haus;0;97453;Schonungen;;169.0;161.0;8.0;4;3;0;239000.0;;1936;Altbau;0;0;1;JA;1936;;;;
wohnen;kauf;haus;0;91541;Rothenburg;;100.0;100.0;8.0;0;0;0;259000.0;;;;0;0;0;NEIN;;;;;
wohnen;kauf;haus;0;Markt;Taschendorf;;223.0;983.0;0;0;0;0;409000.0;;1996;;0;0;0;NEIN;1996;;;;
wohnen;kauf;haus;0;Markt;Taschendorf;;120.0;1122.0;0;0;0;0;409000.0;;1996;;0;1;1;JA;1995;;;;
wohnen;kauf;haus;1;74575;Schrozberg;;0;0;0;0;0;0;;;;Neubau;0;0;0;NEIN;;;;;
wohnen;kauf;haus;0;91541;Rothenburg;;205.28;250.0;8.0;0;0;0;835000.0;;1961;Teil- oder vollrenoviert;0;1;1;JA;1961;;;;
wohnen;kauf;haus;0;97453;Schonungen;;100.0;456.0;4.0;3;2;0;139600.0;;1956;Teil- oder vollrenovierungsbedürftig;0;1;1;JA;1956;;;;
wohnen;kauf;haus;0;Markt;Taschendorf;;136.0;737.0;7.0;0;0;0;365000.0;;1979;;0;1;1;JA;1979;;;;
wohnen;kauf;haus;0;97453;Schonungen;;180.29;1060.0;6.0;0;0;0;276000.0;;1929;Altbau;0;1;1;JA;1969;;;;
wohnen;kauf;haus;0;91541;Rothenburg;;140.0;196.0;5.0;0;2;0;219000.0;;1982;Teil- oder vollrenovierungsbedürftig;0;1;1;JA;1982;;;;
wohnen;kauf;haus;0;74575;Schrozberg;;132.0;206.0;6.0;0;1;0;289000.0;;1999;;0;0;0;JA;1999;;;;
wohnen;kauf;haus;0;74677;Dörzbach;;128.0;590.0;4.0;3;0;0;325100.0;;2021;Projektiert;0;0;0;NEIN;2021;;;;
wohnen;kauf;haus;0;91541;Rothenburg;;55.0;175.0;9.0;0;0;0;419000.0;;1949;;0;0;0;NEIN;1949;;;;
wohnen;kauf;haus;1;97503;Gädheim;;180.0;800.0;4.0;0;0;0;298500.0;;1982;Neubau;0;1;1;NEIN;1982;;;;
wohnen;kauf;haus;0;91541;Rothenburg;;125.0;136.0;5.0;2;1;0;129000.0;;1904;Teil- oder vollrenovierungsbedürftig;0;0;1;JA;1904;;;;
wohnen;kauf;haus;0;97762;Hammelburg;;270.0;711.0;5.0;0;0;0;349000.0;;2007;Neuwertig;0;0;1;NEIN;2007;;;;
wohnen;kauf;haus;0;96132;Schlüsselfeld;;300.0;1000.0;8.0;4;2;0;250000.0;;1960;Teil- oder vollrenovierungsbedürftig;0;0;0;NEIN;1960;;;;
wohnen;kauf;haus;0;97456;Dittelbrunn;;263.0;640.0;8.0;0;0;0;550699.0;;;Erstbezug;0;0;0;NEIN;;;;;
wohnen;kauf;haus;0;97456;Dittelbrunn;;166.0;640.0;5.0;0;0;0;520799.0;;;Erstbezug;2;0;0;NEIN;;;;;
wohnen;kauf;haus;0;74575;Schrozberg;;95.0;218.0;6.0;0;0;0;75000.0;;;Teil- oder vollrenovierungsbedürftig;0;1;0;JA;;;;;
wohnen;kauf;haus;0;91635;Windelsbach;;150.0;550.0;5.0;4;1;0;359000.0;;2021;Projektiert;0;0;0;NEIN;2021;;;;
wohnen;kauf;haus;0;74731;Walldürn;;170.0;1415.0;10.0;0;0;0;185000.0;;1946;Teil- oder vollrenovierungsbedürftig;2;0;0;NEIN;1946;;;;
wohnen;kauf;haus;1;91541;Rothenburg;;0;0;0;0;0;0;;;;Neubau;0;0;0;NEIN;;;;;
wohnen;kauf;haus;0;97725;Elfershausen;;151.0;988.0;5.0;0;0;0;336500.0;;;Projektiert;0;0;0;NEIN;;;;;
wohnen;kauf;haus;0;97762;Hammelburg;;131.0;0;0;0;0;0;;;;Projektiert;0;0;0;JA;;;;;
wohnen;kauf;haus;0;74731;Walldürn;;140.0;713.0;5.0;3;1;0;345700.0;;;Projektiert;0;0;0;NEIN;;;;;
wohnen;kauf;haus;0;74731;Walldürn;;110.0;878.0;2.0;0;0;0;279000.0;;1907;Altbau;0;1;1;NEIN;1907;;;;
wohnen;kauf;haus;0;74731;Walldürn;;185.0;800.0;6.0;0;0;0;240000.0;;1962;Teil- oder vollrenoviert;3;1;0;NEIN;1962;;;;
wohnen;kauf;haus;0;97729;Ramsthal;;297.0;1003.0;9.0;0;0;0;379000.0;;1986;;2;1;1;NEIN;1986;;;;
wohnen;kauf;haus;0;97532;Üchtelhausen;;230.0;1155.0;5.0;0;0;0;399000.0;;1979;;0;0;1;JA;1979;;;;
wohnen;kauf;haus;0;91613;Marktbergel;;131.0;611.0;5.0;0;0;0;244809.0;;2020;Projektiert;0;0;0;NEIN;2020;;;;
wohnen;kauf;haus;0;97903;Collenberg;;462.0;870.0;13.0;0;0;0;420000.0;;1986;;3;1;0;JA;1986;;;;
wohnen;kauf;haus;0;97903;Collenberg;;462.0;870.0;13.0;0;0;0;420000.0;;1986;;3;1;0;JA;1986;;;;
wohnen;kauf;haus;0;97903;Collenberg;;462.0;870.0;13.0;0;0;0;420000.0;;1986;;3;1;0;JA;1986;;;;
wohnen;kauf;haus;0;97782;Gräfendorf;;1689.0;2002.0;0;0;0;0;290000.0;;1776;Teil- oder vollsaniert;2;0;0;JA;1776;;;;
wohnen;kauf;haus;0;91472;Ipsheim;;234.0;685.0;8.0;3;2;0;399000.0;;1935;;0;0;1;JA;1999;;;;
wohnen;kauf;haus;0;63928;Eichenbühl;;122.0;731.0;4.0;0;0;0;341870.0;;;;0;0;0;NEIN;;;;;
wohnen;kauf;haus;0;63928;Eichenbühl;;122.0;731.0;4.0;0;0;0;341365.0;;;;0;0;0;NEIN;;;;;
wohnen;kauf;haus;0;63928;Eichenbühl;;125.0;731.0;4.0;0;0;0;287551.0;;;;0;0;0;NEIN;;;;;
wohnen;kauf;haus;0;91472;Ipsheim;;160.0;533.0;6.0;0;2;0;455000.0;;1920;;0;1;1;NEIN;1920;;;;
wohnen;kauf;haus;0;91635;Windelsbach;;142.0;650.0;4.0;0;0;0;249990.0;;;Erstbezug;2;0;1;NEIN;2021;;;;
wohnen;kauf;haus;0;91635;Windelsbach;;144.0;650.0;4.0;0;0;0;249990.0;;;Erstbezug;2;0;1;NEIN;2021;;;;
wohnen;kauf;haus;0;91635;Windelsbach;;144.0;650.0;4.0;0;0;0;258990.0;;;Erstbezug;2;0;1;NEIN;2021;;;;
wohnen;kauf;haus;0;91635;Windelsbach;;134.0;650.0;4.0;0;0;0;239990.0;;;Erstbezug;2;0;1;NEIN;2021;;;;
wohnen;kauf;haus;0;91635;Windelsbach;;164.0;650.0;5.0;0;0;0;264990.0;;;Erstbezug;2;0;1;NEIN;2021;;;;
wohnen;kauf;haus;0;91635;Windelsbach;;153.0;692.0;4.0;0;0;0;255990.0;;;Erstbezug;2;0;1;NEIN;2021;;;;
wohnen;kauf;haus;0;91635;Windelsbach;;115.0;650.0;4.0;0;0;0;250500.0;;;Erstbezug;2;0;1;NEIN;2021;;;;
wohnen;kauf;haus;0;91616;Neusitz;;142.0;713.0;4.0;0;0;0;264990.0;;;Erstbezug;2;0;1;NEIN;2020;;;;
wohnen;kauf;haus;0;Bad;Windsheim;;200.0;280.0;7.0;0;2;0;219000.0;;1900;Teil- oder vollsaniert;0;0;0;JA;1900;;;;
wohnen;kauf;haus;0;97725;Elfershausen;;151.0;850.0;4.0;0;0;0;336500.0;;;Projektiert;0;0;0;NEIN;;;;;
wohnen;kauf;haus;0;91613;Marktbergel;;142.0;719.0;4.0;0;0;0;275990.0;;;Erstbezug;2;0;1;NEIN;2021;;;;
wohnen;kauf;haus;0;97532;Üchtelhausen;;186.0;1383.0;6.0;0;1;0;315000.0;;;;0;1;1;NEIN;1998;;;;
wohnen;kauf;haus;0;91472;Ipsheim;;120.0;240.0;5.0;0;0;0;398900.0;;;Erstbezug;0;0;0;NEIN;;;;;
wohnen;kauf;haus;0;91541;Rothenburg;;161.0;1452.0;7.0;5;2;0;692500.0;;1982;Neuwertig;0;1;1;JA;1982;;;;
wohnen;kauf;haus;0;63928;Eichenbühl;;122.0;731.0;4.0;0;0;0;278323.0;;;;0;0;0;NEIN;;;;;
wohnen;kauf;haus;0;91472;Ipsheim;;0;0;0;0;0;0;398900.0;;2020;;0;0;0;NEIN;2020;;;;
wohnen;kauf;haus;1;91472;Ipsheim;;118.0;0;5.0;0;0;0;;;2020;Neubau;2;1;0;NEIN;2020;;;;
wohnen;kauf;haus;0;74238;Krautheim;;220.0;625.0;8.0;4;2;0;495000.0;;1971;;0;0;0;NEIN;1971;;;;
wohnen;kauf;haus;0;63928;Eichenbühl;;461.0;588.0;0;0;0;0;179900.0;;1900;;0;0;0;NEIN;1900;;;;
wohnen;kauf;haus;0;74238;Krautheim;;244.0;929.0;9.0;0;0;0;398500.0;;1984;Teil- oder vollsaniert;3;0;1;JA;1984;;;;
wohnen;kauf;haus;0;97794;Rieneck;;159.0;598.0;7.0;0;1;0;60000.0;;1967;Teil- oder vollrenovierungsbedürftig;0;0;0;JA;1967;;;;
wohnen;kauf;haus;0;97794;Rieneck;;220.0;451.0;12.0;0;0;0;296000.0;;1992;;0;0;0;NEIN;1992;;;;
wohnen;kauf;haus;0;97729;Ramsthal;;240.0;1569.0;8.0;0;2;0;369000.0;;1961;;0;0;0;NEIN;1961;;;;
wohnen;kauf;haus;0;97725;Elfershausen;;130.0;350.0;4.0;0;0;0;;;2020;Erstbezug;2;0;1;NEIN;2020;;;;
wohnen;kauf;haus;0;97782;Gräfendorf;;200.0;3000.0;10.0;0;0;0;498000.0;;1902;;0;0;0;JA;1902;;;;
wohnen;kauf;haus;0;97896;Freudenberg;;119.0;70.0;5.0;3;2;0;144900.0;;1846;;0;0;0;NEIN;1846;;;;
wohnen;kauf;haus;0;74238;Krautheim;;140.0;547.0;5.0;3;1;0;299500.0;;;Projektiert;0;0;0;NEIN;;;;;
wohnen;kauf;haus;0;97896;Freudenberg;;104.0;96.0;5.0;3;1;0;114900.0;;1890;;0;0;0;NEIN;1890;;;;
wohnen;kauf;haus;0;74731;Walldürn;;140.0;587.0;5.0;3;1;0;340500.0;;;Projektiert;0;0;0;NEIN;;;;;
wohnen;kauf;haus;0;97794;Rieneck;;118.0;280.0;4.0;3;1;0;89000.0;;1925;;0;0;1;JA;1925;;;;
wohnen;kauf;haus;0;97896;Freudenberg;;123.0;65.0;5.0;4;1;0;79900.0;;;;0;0;0;NEIN;;;;;
wohnen;kauf;haus;0;97794;Rieneck;;136.06;605.0;5.0;0;0;0;324095.0;;2022;Projektiert;2;0;0;NEIN;2022;;;;
wohnen;kauf;haus;0;97794;Rieneck;;135.79;605.0;5.0;0;0;0;309391.0;;2022;Projektiert;2;0;0;NEIN;2022;;;;
wohnen;kauf;haus;0;97794;Rieneck;;125.78;605.0;5.0;0;0;0;291161.0;;2022;Projektiert;2;0;0;NEIN;2022;;;;
wohnen;kauf;haus;0;97794;Rieneck;;99.0;605.0;4.0;0;0;0;270361.0;;2022;;2;0;0;NEIN;2022;;;;
wohnen;kauf;haus;0;97794;Rieneck;;164.84;605.0;5.0;0;0;0;422942.0;;2022;;2;0;0;NEIN;2022;;;;
wohnen;kauf;haus;0;74673;Mulfingen;;140.0;532.0;5.0;3;1;0;395500.0;;;Projektiert;0;0;0;NEIN;;;;;
wohnen;kauf;haus;0;97794;Rieneck;;144.0;628.0;5.0;0;0;0;404898.0;;2022;Projektiert;2;0;0;NEIN;2022;;;;
wohnen;kauf;haus;0;74238;Krautheim;;120.0;330.0;6.0;0;0;0;299000.0;;1904;;0;0;1;NEIN;1904;;;;
wohnen;kauf;haus;0;63928;Eichenbühl;;148.79;162.0;6.0;0;0;0;279000.0;;1996;;0;1;0;NEIN;1996;;;;
wohnen;kauf;haus;0;74731;Walldürn;;143.0;700.0;4.0;3;1;0;270000.0;;;Projektiert;0;0;0;NEIN;;;;;
wohnen;kauf;haus;0;97762;Hammelburg;;150.0;1470.0;7.0;0;0;0;59000.0;;1384;;0;0;0;NEIN;1384;;;;
wohnen;kauf;haus;0;97762;Hammelburg;;144.0;1100.0;5.0;0;0;0;75000.0;;;;0;0;0;JA;;;;;
wohnen;kauf;haus;0;96181;Rauhenebrach;;400.0;700.0;14.0;1;2;0;550000.0;;1865;;0;1;0;JA;1865;;;;
wohnen;kauf;haus;0;97903;Collenberg;;541.0;7164.0;8.0;0;3;0;1300000.0;;1959;;0;0;0;NEIN;1957;;;;
wohnen;kauf;haus;0;97717;Euerdorf;;213.0;120.0;4.0;0;0;0;75000.0;;1900;;2;0;0;JA;1900;;;;
wohnen;kauf;haus;0;97717;Euerdorf;;95.0;100.0;3.0;0;0;0;51000.0;;1926;;2;0;0;NEIN;1926;;;;
wohnen;kauf;haus;0;96152;Burghaslach;;210.0;673.0;9.0;0;0;0;249950.0;;1969;;0;1;1;NEIN;1969;;;;
wohnen;kauf;haus;0;96152;Burghaslach;;290.0;2053.0;12.0;0;0;0;;;1955;;0;1;1;NEIN;1955;;;;
wohnen;kauf;haus;0;96154;Burgwindheim;;154.0;618.0;5.0;2;1;0;308000.0;;2021;Projektiert;0;0;0;NEIN;2021;;;;
wohnen;kauf;haus;0;96154;Burgwindheim;;154.0;618.0;5.0;2;1;0;308000.0;;2021;Projektiert;0;0;0;NEIN;2021;;;;
wohnen;kauf;haus;0;74731;Walldürn;;269.0;1707.0;12.0;6;4;0;680000.0;;1982;;0;1;1;JA;1982;;;;
wohnen;kauf;haus;0;97453;Schonungen;;125.0;465.0;0;0;0;0;230000.0;;1933;Teil- oder vollrenoviert;2;0;1;NEIN;1933;;;;
wohnen;kauf;haus;0;97453;Schonungen;;484.0;776.0;0;0;0;0;660000.0;;1977;;0;1;0;NEIN;1977;;;;
wohnen;kauf;haus;0;96152;Burghaslach;;200.0;980.0;9.0;0;0;0;598000.0;;1995;;0;0;0;NEIN;1995;;;;
wohnen;kauf;haus;0;74673;Mulfingen;;340.0;358.0;12.0;0;4;0;270000.0;;1872;Teil- oder vollrenovierungsbedürftig;0;0;0;NEIN;1872;;;;
wohnen;kauf;haus;0;97717;Euerdorf;;410.08;1160.0;15.0;0;0;0;470000.0;;1992;;0;0;0;JA;1992;;;;
wohnen;kauf;haus;0;74749;Rosenberg;;247.0;548.0;11.0;6;3;0;279000.0;;1957;Teil- oder vollrenoviert;0;1;0;JA;1957;;;;
wohnen;kauf;haus;0;74747;Ravenstein;;135.31;798.0;5.0;4;1;0;299000.0;;2003;;0;1;1;JA;2003;;;;
wohnen;kauf;haus;0;97714;Oerlenbach;;165.0;1116.0;10.0;0;0;0;350000.0;;;;0;0;0;NEIN;;;;;
wohnen;kauf;haus;0;74749;Rosenberg;;160.0;317.0;6.0;0;1;0;149000.0;;1729;;0;0;1;JA;1729;;;;
wohnen;kauf;haus;0;96154;Burgwindheim;;160.0;520.0;9.0;5;2;0;179000.0;;1930;;0;0;0;NEIN;1930;;;;
wohnen;kauf;haus;0;96132;Schlüsselfeld;;300.0;1000.0;9.0;8;2;0;250000.0;;1960;;3;0;0;JA;1960;;;;
wohnen;kauf;haus;0;63879;Weibersbrunn;;0;720.0;0;0;0;0;396000.0;;1993;;0;0;0;JA;1993;;;;
wohnen;kauf;haus;0;74722;Buchen;;260.0;1270.0;2.0;0;0;0;140000.0;;1700;Abrissobjekt;0;0;0;NEIN;1700;;;;
wohnen;kauf;haus;0;74731;Walldürn;;300.0;1452.0;8.0;0;1;0;429000.0;;1979;;0;1;1;NEIN;1979;;;;
wohnen;kauf;haus;0;96132;Schlüsselfeld;;340.0;900.0;6.0;3;3;0;277000.0;;1951;Teil- oder vollrenovierungsbedürftig;0;1;0;NEIN;1951;;;;
wohnen;kauf;haus;0;97843;Neuhütten;;130.61;679.0;6.0;5;1;0;275000.0;;1950;;0;0;1;NEIN;1950;;;;
wohnen;kauf;haus;0;96132;Schlüsselfeld;;170.0;380.0;6.0;0;0;0;225000.0;;1908;;0;0;0;NEIN;1908;;;;
wohnen;kauf;haus;0;63860;Rothenbuch;;337.0;1991.0;6.5;0;0;0;470000.0;;1998;;0;0;0;NEIN;30;;;;
wohnen;kauf;haus;0;97843;Neuhütten;;162.0;2000.0;6.0;2;1;0;289000.0;;1957;;0;0;0;JA;1957;;;;
wohnen;kauf;haus;0;96132;Schlüsselfeld;;80.0;649.0;4.0;0;0;0;80000.0;;;;0;0;0;NEIN;;;;;
wohnen;kauf;haus;0;96181;Rauhenebrach;;180.0;302.0;7.0;0;0;0;425000.0;;1896;Teil- oder vollsaniert;2;0;1;JA;1896;;;;
wohnen;kauf;haus;0;97531;Theres;;4716.0;15646.0;50.0;6;6;0;3600000.0;;;Teil- oder vollrenoviert;0;0;0;JA;;;;;
wohnen;kauf;haus;0;97714;Oerlenbach;;113.0;740.0;8.0;0;2;0;218000.0;;1934;Teil- oder vollrenovierungsbedürftig;0;0;0;JA;1934;;;;
wohnen;kauf;haus;0;97843;Neuhütten;;150.0;723.0;4.0;3;1;0;319500.0;;;Projektiert;0;0;0;NEIN;;;;;
wohnen;kauf;haus;0;97843;Neuhütten;;230.0;276.0;7.0;4;4;0;260000.0;;1997;;0;0;0;JA;1997;;;;
wohnen;kauf;haus;0;97456;Dittelbrunn;;210.0;1000.0;4.0;2;2;0;392000.0;;1930;;0;0;0;NEIN;1930;;;;
wohnen;kauf;haus;0;63874;Dammbach;;184.0;539.0;0;0;0;0;164000.0;;1900;Teil- oder vollrenovierungsbedürftig;0;1;0;NEIN;1900;;;;
wohnen;kauf;haus;0;74572;Blaufelden;;171.92;610.0;6.0;4;1;0;267421.0;;2021;Projektiert;0;0;0;NEIN;2021;;;;
wohnen;kauf;haus;0;74722;Buchen;;291.7;435.0;8.0;0;0;0;169000.0;;;;3;0;0;NEIN;;;;;
wohnen;kauf;haus;0;91413;Neustadt;;130.0;654.0;6.0;0;0;0;398000.0;;1971;;0;1;1;JA;1971;;;;
wohnen;kauf;haus;0;91619;Obernzenn;;640.0;506.0;0;0;0;0;130000.0;;1577;;0;0;0;JA;1577;;;;
wohnen;kauf;haus;0;91619;Obernzenn;;250.0;330.0;12.0;0;1;0;370000.0;;1991;;0;0;0;JA;1991;;;;
wohnen;kauf;haus;0;74572;Blaufelden;;160.0;490.0;7.0;0;0;0;249000.0;;1956;;0;1;1;JA;1956;;;;
wohnen;kauf;haus;0;74572;Blaufelden;;263.43;743.0;8.0;6;2;0;359917.0;;2021;Projektiert;0;0;0;NEIN;2021;;;;
wohnen;kauf;haus;0;97532;Üchtelhausen;;218.0;840.0;7.0;3;2;0;466900.0;;;Projektiert;0;0;0;NEIN;;;;;
wohnen;kauf;haus;0;97532;Üchtelhausen;;150.0;930.0;5.0;3;1;0;364500.0;;;Projektiert;0;0;0;NEIN;;;;;
wohnen;kauf;haus;0;74572;Blaufelden;;120.0;550.0;6.0;0;0;0;319000.0;;1955;Teil- oder vollrenoviert;0;1;0;JA;1955;;;;
wohnen;kauf;haus;0;97833;Frammersbach;;157.0;628.0;6.0;2;2;0;279000.0;;1967;;0;0;0;NEIN;1967;;;;
wohnen;kauf;haus;0;74572;Blaufelden;;142.0;672.0;4.0;0;0;0;275990.0;;;Erstbezug;2;0;0;NEIN;2020;;;;
wohnen;kauf;haus;0;74572;Blaufelden;;156.33;443.0;5.5;4;1;0;419800.0;;2021;Projektiert;0;0;1;NEIN;2021;;;;
wohnen;kauf;haus;0;97532;Üchtelhausen;;142.0;515.0;6.0;0;0;0;270000.0;;1972;;2;1;1;JA;1972;;;;
wohnen;kauf;haus;0;91619;Obernzenn;;148.0;550.0;4.0;3;1;0;397000.0;;2021;Projektiert;0;0;0;NEIN;2021;;;;
wohnen;kauf;haus;0;97532;Üchtelhausen;;220.0;707.0;8.0;5;3;0;495000.0;;2000;;0;0;0;JA;2000;;;;
wohnen;kauf;haus;0;74722;Buchen;;120.0;350.0;4.0;3;1;0;179000.0;;1980;;0;0;0;JA;1980;;;;
wohnen;kauf;haus;0;97797;Wartmannsroth;;1689.0;2002.0;0;0;0;0;290000.0;;1776;Teil- oder vollsaniert;2;0;0;JA;1776;;;;
wohnen;kauf;haus;0;63927;Bürgstadt;;250.0;944.0;9.0;6;2;0;649900.0;;1964;;0;1;1;NEIN;1964;;;;
wohnen;kauf;haus;0;74722;Buchen;;120.0;350.0;4.0;3;1;0;179000.0;;1980;;0;0;1;JA;1980;;;;
wohnen;kauf;haus;0;97797;Wartmannsroth;;150.0;364.0;4.0;3;1;0;285000.0;;;Projektiert;0;0;0;NEIN;;;;;
wohnen;kauf;haus;0;97532;Üchtelhausen;;233.0;904.0;10.0;0;1;0;339000.0;;;Teil- oder vollrenoviert;0;1;1;JA;;;;;
wohnen;kauf;haus;0;91608;Geslau;;150.0;600.0;5.0;4;1;0;330000.0;;2021;Projektiert;0;0;0;NEIN;2021;;;;
wohnen;kauf;haus;0;91619;Obernzenn;;134.0;675.0;5.0;0;0;0;315700.0;;;Projektiert;2;0;0;NEIN;;;;;
wohnen;kauf;haus;0;91619;Obernzenn;;129.0;675.0;5.0;0;0;0;299200.0;;;Projektiert;2;0;0;NEIN;;;;;
wohnen;kauf;haus;0;91619;Obernzenn;;122.0;675.0;4.0;0;0;0;298200.0;;;Projektiert;1;0;0;NEIN;;;;;
wohnen;kauf;haus;0;97723;Oberthulba;;83.0;1120.0;3.0;2;2;0;250000.0;;1978;;0;0;0;NEIN;1979;;;;
wohnen;kauf;haus;0;97532;Üchtelhausen;;200.0;1320.0;5.0;4;2;0;460000.0;;2021;Projektiert;0;0;0;NEIN;2021;;;;
wohnen;kauf;haus;0;91617;Oberdachstetten;;161.0;820.0;5.0;4;1;0;314500.0;;2021;Projektiert;0;0;0;NEIN;2021;;;;
wohnen;kauf;haus;0;91608;Geslau;;125.0;729.0;4.0;0;0;0;223505.0;;2020;Erstbezug;0;0;0;NEIN;2020;;;;
wohnen;kauf;haus;0;91608;Geslau;;144.0;651.0;4.0;0;0;0;261990.0;;;Erstbezug;2;0;1;NEIN;2021;;;;
wohnen;kauf;haus;0;91608;Geslau;;144.0;651.0;4.0;0;0;0;270990.0;;;Erstbezug;2;0;1;NEIN;2021;;;;
wohnen;kauf;haus;0;91608;Geslau;;144.0;651.0;4.0;0;0;0;261990.0;;;Erstbezug;2;0;1;NEIN;2021;;;;
wohnen;kauf;haus;0;91608;Geslau;;164.0;651.0;5.0;0;0;0;276990.0;;;Erstbezug;2;0;1;NEIN;2021;;;;
wohnen;kauf;haus;0;74731;Walldürn;;90.0;144.0;5.0;0;1;0;190000.0;;1933;Teil- oder vollsaniert;0;0;0;JA;1933;;;;
wohnen;kauf;haus;0;91413;Neustadt;;119.0;0;4.0;0;0;0;223900.0;;2019;Projektiert;2;0;0;NEIN;2018;;;;
wohnen;kauf;haus;0;91413;Neustadt;;319.0;1405.0;12.0;0;0;0;620000.0;;1968;;0;1;1;NEIN;1968;;;;
wohnen;kauf;haus;0;63933;Mönchberg;;80.0;103.0;3.0;2;1;0;69900.0;;1900;Teil- oder vollrenovierungsbedürftig;0;0;0;NEIN;1900;;;;
wohnen;kauf;haus;0;97859;Wiesthal;;140.0;989.0;5.0;3;1;0;345400.0;;;Projektiert;0;0;0;NEIN;;;;;
wohnen;kauf;haus;0;97859;Wiesthal;;233.0;511.0;7.0;0;0;0;150000.0;;1900;Altbau;2;0;1;NEIN;1900;;;;
wohnen;kauf;haus;0;74731;Walldürn;;153.0;420.0;4.0;0;1;0;365000.0;;2004;;0;1;1;NEIN;2004;;;;
wohnen;kauf;haus;0;74731;Walldürn;;250.0;565.0;6.0;0;2;0;420000.0;;2004;;0;1;1;NEIN;2004;;;;
wohnen;kauf;haus;0;91413;Neustadt;;210.0;180.0;7.0;0;0;0;375000.0;;;Altbau;0;0;0;NEIN;;;;;
wohnen;kauf;haus;0;63933;Mönchberg;;163.0;138.0;6.0;4;1;0;149900.0;;1905;;0;0;0;NEIN;1905;;;;
wohnen;kauf;haus;0;91619;Obernzenn;;149.0;625.0;5.0;0;0;0;261990.0;;;Erstbezug;2;0;1;NEIN;2021;;;;
wohnen;kauf;haus;0;91619;Obernzenn;;144.0;625.0;4.0;0;0;0;265990.0;;;Erstbezug;2;0;1;NEIN;2021;;;;
wohnen;kauf;haus;0;91619;Obernzenn;;144.0;625.0;4.0;0;0;0;257500.0;;;Erstbezug;2;0;1;NEIN;2021;;;;
wohnen;kauf;haus;0;97859;Wiesthal;;140.0;578.0;5.0;3;1;0;322400.0;;;Projektiert;0;0;0;NEIN;;;;;
